descripcion,anio,familia,subfamilia,total_importe,utilidad_cantidad,utilidad_porcentaje,unidades_vendidas,inventario_cierre_cantidad,inventario_cierre_porcentaje,roi_mensual,venta_promedio_mes,utilidad_promedio_mes,inventario_actual,costo_venta_promedio,inventario_promedio_cantidad,inventario_promedio,dias_inventario,porcentaje_ventas,acumulado_ventas,abc_ventas,porcentaje_utilidad,porcentaje_acumulado_utilidad,abc_utilidad,productos_top,ventas_enero_cantidad,ventas_enero_pesos,inventario_enero_cantidad,inventario_enero_pesos,ventas_febrero_cantidad,ventas_febrero_pesos,inventario_febrero_cantidad,inventario_febrero_pesos,ventas_marzo_cantidad,ventas_marzo_pesos,inventario_marzo_cantidad,inventario_marzo_pesos,ventas_abril_cantidad,ventas_abril_pesos,inventario_abril_cantidad,inventario_abril_pesos,ventas_mayo_cantidad,ventas_mayo_pesos,inventario_mayo_cantidad,inventario_mayo_pesos,ventas_junio_cantidad,ventas_junio_pesos,inventario_junio_cantidad,inventario_junio_pesos,ventas_julio_cantidad,ventas_julio_pesos,inventario_julio_cantidad,inventario_julio_pesos,ventas_agosto_cantidad,ventas_agosto_pesos,inventario_agosto_cantidad,inventario_agosto_pesos,ventas_septiembre_cantidad,ventas_septiembre_pesos,inventario_septiembre_cantidad,inventario_septiembre_pesos,ventas_octubre_cantidad,ventas_octubre_pesos,inventario_octubre_cantidad,inventario_octubre_pesos,ventas_noviembre_cantidad,ventas_noviembre_pesos,inventario_noviembre_cantidad,inventario_noviembre_pesos,ventas_diciembre_cantidad
nulla elit ac nulla sed vel enim sit amet nunc,1990,Little grebe,Tachybaptus ruficollis,7206,903,27.54,4320,4023,9.35,0.54,3576.2,1393.35,9006,563,233,749,177,35.21,31.94,B,67.87,92.24,B,AA,675,837,335,121,756,641,517,148,204,836,918,318,836,94,449,823,459,37,584,824,609,753,28,766,153,238,139,725,838,472,744,82,146,190,821,147,510,680,189,365,861,560,90,769,993
morbi vestibulum velit id pretium iaculis diam erat fermentum justo nec condimentum neque,2010,Arctic lemming,Dicrostonyx groenlandicus,3341,681,95.86,5820,4750,94.08,0.27,8865.55,2474.74,8066,435,5447,866,212,62.26,28.61,A,40.14,40.14,B,AA,35,803,871,384,354,486,460,681,617,778,565,188,229,142,409,476,537,876,426,369,152,893,555,455,15,3,294,581,259,13,720,435,512,825,551,106,639,693,397,228,50,772,383,941,919
nisi at nibh in hac habitasse platea dictumst aliquam augue quam,2012,"Chickadee, black-capped",Parus atricapillus,8668,247,67.52,142,1896,48.59,0.88,2069.92,8179.99,3623,671,6400,694,230,70.33,96.63,B,82.59,97.01,A,AA,74,760,659,848,208,335,716,650,292,408,603,975,526,373,975,342,348,762,564,490,124,932,950,943,473,792,391,305,803,203,862,69,896,820,336,415,756,217,395,255,618,713,525,715,891
nisi vulputate nonummy maecenas tincidunt lacus at velit vivamus vel nulla,2013,White-winged dove,Zenaida asiatica,4566,503,6.23,2950,6840,50.51,0.04,3182.27,5766.87,6620,842,990,400,243,36.84,87.56,A,5.37,66.41,C,AA,384,723,168,878,191,17,602,809,222,320,747,764,450,444,974,583,273,250,123,821,498,255,451,994,386,292,829,867,783,579,128,988,855,305,499,949,473,224,371,482,245,321,737,7,734
nisl nunc nisl duis bibendum felis sed interdum venenatis turpis enim blandit,2005,Sea birds (unidentified),unavailable,7781,305,83.68,808,4044,85.06,0.18,529.59,7343.9,2145,632,738,511,20,23.9,59.08,A,69.66,55.43,A,AA,146,380,379,181,741,501,541,771,398,403,932,202,53,119,29,347,364,527,517,765,327,933,218,264,364,789,559,715,396,284,834,544,340,541,373,838,917,418,747,108,621,909,760,692,395
ut massa volutpat convallis morbi odio odio elementum eu interdum eu tincidunt in leo,1993,Rufous tree pie,Dendrocitta vagabunda,2295,155,98.38,61,1432,36.41,0.45,8650.49,3447.19,9585,584,7599,298,335,40.15,41.11,A,28.78,76.04,A,,319,182,90,416,600,447,282,307,9,504,985,744,492,294,678,521,359,24,529,377,433,625,570,760,582,870,81,818,868,806,389,2,492,396,207,737,541,131,739,868,571,597,919,489,700
et magnis dis parturient montes nascetur ridiculus mus etiam vel augue vestibulum rutrum,2003,Common melba finch,Pytilia melba,8512,924,40.02,6682,9260,29.69,0.93,8994.08,2047.39,439,492,8961,389,17,90.12,16.35,A,26.41,42.54,B,AA,206,489,835,154,206,287,799,44,698,763,877,98,348,258,589,192,926,511,522,287,141,654,354,496,774,145,327,626,343,783,254,26,312,580,461,927,277,919,888,231,403,135,615,829,269
ornare imperdiet sapien urna pretium nisl ut volutpat sapien arcu sed augue aliquam erat,1999,"Seal, southern elephant",Mirounga leonina,3713,656,11.7,2523,88,2.89,0.98,1366.5,1805.63,6866,460,3869,79,347,33.76,90.61,C,67.73,59.02,B,AA,340,211,628,821,449,912,256,769,61,704,405,135,470,706,455,4,377,958,594,76,48,672,874,714,480,110,649,383,49,984,436,490,345,195,65,732,988,323,460,737,768,279,601,959,470
libero non mattis pulvinar nulla pede ullamcorper augue a suscipit nulla elit ac nulla sed vel enim sit amet nunc,2011,"Butterfly, canadian tiger swallowtail",Papilio canadensis,6061,106,1.94,5520,634,56.41,0.31,5922.47,693.91,3448,83,8740,674,330,41.76,67.48,C,3.95,81.83,C,AA,867,221,454,614,371,447,856,41,477,606,506,996,495,439,993,435,788,963,14,980,379,332,148,986,872,811,828,453,73,279,691,383,371,645,684,95,386,925,620,746,834,537,96,121,636
hendrerit at vulputate vitae nisl aenean lectus pellentesque eget nunc donec,1993,"Armadillo, giant",Priodontes maximus,5231,440,67.69,3188,6575,72.82,0.33,3520.99,568.35,9678,742,4899,835,46,81.62,1.1,B,49.87,82.79,B,,477,878,335,276,970,903,827,715,255,777,671,840,921,771,169,44,162,365,740,233,350,56,885,995,753,733,880,875,507,382,734,199,470,943,378,673,745,393,665,927,12,747,250,15,978
lacus morbi sem mauris laoreet ut rhoncus aliquet pulvinar sed nisl nunc rhoncus,2008,Killer whale,Orcinus orca,5404,181,93.72,7182,650,72.06,0.13,7367.74,6327.06,2401,957,1070,509,363,18.45,9.86,B,73.91,32.09,C,AA,160,478,207,285,381,549,100,842,535,471,67,286,157,852,145,259,4,998,201,620,827,828,92,746,750,329,497,614,913,26,88,451,814,479,756,478,698,636,629,813,258,911,703,860,463
convallis duis consequat dui nec nisi volutpat eleifend donec ut,2008,African wild dog,Lycaon pictus,1548,143,93.35,5086,1733,4.86,0.17,5042.61,7080.12,395,101,3341,284,109,10.32,97.24,A,9.18,79.91,A,,778,240,909,716,787,937,530,455,135,698,860,149,125,953,590,616,103,642,693,77,407,239,235,801,521,449,307,416,930,584,344,285,311,376,707,247,4,819,125,947,816,817,416,447,893
semper sapien a libero nam dui proin leo odio porttitor id consequat,1996,Carmine bee-eater,Merops nubicus,9766,59,21.99,1333,7642,59.0,0.27,5278.36,6490.22,6747,964,3480,845,359,69.4,39.24,C,52.34,90.38,C,AA,267,448,540,389,809,429,66,401,795,22,491,383,995,244,523,302,978,347,717,51,266,560,524,981,38,216,640,831,405,207,202,415,636,581,668,871,933,391,847,738,244,464,778,41,251
libero quis orci nullam molestie nibh in lectus pellentesque at nulla suspendisse potenti cras in,2004,Potoroo,Potorous tridactylus,9788,989,74.96,1176,1568,20.91,0.42,4229.19,8937.21,6593,266,1518,360,237,83.95,62.26,C,86.63,50.15,C,AA,107,902,101,214,184,846,131,247,411,181,298,643,512,955,287,122,535,995,355,532,238,276,267,44,368,37,492,316,776,495,685,881,440,778,813,606,640,906,4,35,358,666,855,73,714
diam cras pellentesque volutpat dui maecenas tristique est et tempus semper est quam pharetra magna ac consequat metus sapien ut,1970,Australian spiny anteater,Tachyglossus aculeatus,2421,948,21.41,983,8838,93.48,0.5,4597.95,8245.85,5846,771,8691,709,9,52.1,42.94,B,30.48,24.6,C,AA,817,530,57,816,366,244,253,500,260,82,542,626,239,661,734,155,479,29,164,191,925,946,979,637,419,185,716,472,235,127,453,528,871,116,563,144,338,641,901,661,965,243,93,662,841
justo maecenas rhoncus aliquam lacus morbi quis tortor id nulla ultrices,2006,"Monitor, water",Varanus salvator,5050,675,38.49,3368,6009,40.28,0.17,9729.25,3236.19,3777,330,8729,843,257,52.12,55.76,B,41.84,91.67,A,AA,586,943,723,318,345,964,981,280,196,818,780,985,819,326,857,56,815,143,317,914,275,598,538,551,112,933,308,611,389,446,363,796,663,119,521,300,393,914,330,290,213,386,554,123,754
nulla ac enim in tempor turpis nec euismod scelerisque quam,1988,Great kiskadee,Pitangus sulphuratus,2757,997,14.68,8841,8552,78.71,0.92,7187.56,8843.06,7399,964,4443,382,53,90.54,60.61,A,71.47,34.88,C,,443,915,230,135,293,418,801,302,51,607,973,981,951,355,664,876,799,204,13,409,355,71,528,758,694,958,17,83,296,684,208,649,830,169,542,65,243,786,672,907,59,648,898,980,869
consequat morbi a ipsum integer a nibh in quis justo maecenas,2011,"Fox, bat-eared",Otocyon megalotis,9270,460,92.43,1044,3184,80.71,0.86,6412.02,4911.07,4343,170,1635,930,44,68.93,11.79,B,77.66,46.53,A,AA,213,25,931,39,538,319,543,624,848,410,862,909,313,688,400,308,821,191,736,993,557,733,481,600,733,296,606,950,800,156,511,205,384,554,718,362,747,646,89,607,127,102,643,426,429
quis turpis eget elit sodales scelerisque mauris sit amet eros suspendisse accumsan tortor quis,2006,"Buffalo, asian water",Bubalus arnee,8288,801,87.68,7752,1590,55.46,0.82,7081.0,5456.26,4996,574,9198,907,354,48.2,45.85,B,27.97,19.68,C,AA,665,741,915,659,29,706,945,354,653,805,608,764,498,476,382,909,443,771,742,721,271,287,666,804,493,37,261,762,597,275,906,671,313,728,317,961,581,959,773,644,624,117,622,548,304
neque aenean auctor gravida sem praesent id massa id nisl venenatis lacinia aenean sit amet justo morbi ut odio,1983,"Colobus, magistrate black",Colobus guerza,8803,611,88.91,2565,5659,92.44,0.6,4190.47,3312.54,9370,114,4376,687,221,91.49,67.5,B,14.86,51.62,B,AA,628,331,216,853,110,388,91,102,84,680,477,936,693,354,656,848,258,609,798,927,915,538,193,868,644,82,232,617,510,16,33,470,22,803,601,64,529,845,350,821,330,530,764,731,98
tempus sit amet sem fusce consequat nulla nisl nunc nisl duis bibendum felis sed interdum venenatis turpis enim blandit,2011,Galapagos tortoise,Geochelone elephantopus,4430,769,92.2,8201,3407,13.54,0.96,9544.98,5689.34,7519,188,4749,421,173,73.37,15.48,B,63.77,42.89,A,AA,841,868,788,840,622,433,806,25,552,447,176,788,10,183,267,280,567,49,354,619,239,401,378,13,841,320,612,31,18,338,758,471,128,411,373,384,780,962,46,449,847,830,934,142,56
nam ultrices libero non mattis pulvinar nulla pede ullamcorper augue a suscipit nulla elit ac,1988,Cereopsis goose,Cereopsis novaehollandiae,3841,525,52.68,9343,5852,93.73,0.85,1902.33,4153.35,3674,14,5814,439,153,44.79,85.64,C,79.99,86.49,C,AA,345,300,466,728,490,289,951,17,716,814,23,308,320,808,116,385,228,860,454,808,673,904,613,143,64,417,612,938,669,331,830,662,380,245,580,627,150,533,642,670,114,675,590,805,367
quisque erat eros viverra eget congue eget semper rutrum nulla nunc purus,2004,Great egret,Casmerodius albus,6900,871,66.79,5472,9907,14.41,0.5,6430.84,7810.75,1008,980,956,668,121,43.23,36.42,C,58.91,25.22,A,,379,808,242,214,906,302,848,202,53,897,585,18,172,395,199,187,681,166,941,693,122,921,28,920,136,406,78,190,492,735,295,310,776,119,892,922,814,474,330,760,12,536,197,660,207
pede venenatis non sodales sed tincidunt eu felis fusce posuere felis sed lacus morbi sem mauris laoreet ut rhoncus,2001,"Reedbuck, bohor",Redunca redunca,8891,135,59.41,7509,8728,75.41,0.24,8292.33,2314.56,5243,146,1282,786,226,24.83,12.11,A,14.24,23.68,C,AA,908,293,753,649,160,82,667,503,141,336,185,419,478,590,963,529,108,951,247,547,304,89,544,697,16,803,435,763,235,248,118,782,948,615,740,939,85,720,316,598,885,897,998,359,457
tincidunt lacus at velit vivamus vel nulla eget eros elementum,2009,"Dove, white-winged",Zenaida asiatica,6571,850,36.7,5417,3285,56.78,0.07,9234.22,1044.88,8772,764,6661,68,186,37.42,22.32,C,43.26,64.74,A,,331,879,110,672,117,609,469,965,968,113,768,854,243,745,519,329,400,916,574,710,956,705,562,122,29,502,425,432,885,109,877,488,43,270,754,15,53,964,811,945,924,708,648,575,587
nulla mollis molestie lorem quisque ut erat curabitur gravida nisi at nibh in hac habitasse,2010,"Snake, western patch-nosed",Salvadora hexalepis,1307,929,40.32,5501,8478,66.17,0.58,9209.44,2808.01,649,21,8708,555,138,32.66,44.95,C,23.7,9.02,C,AA,605,519,10,359,776,836,124,389,235,540,627,442,435,490,780,853,679,129,773,45,706,586,713,561,970,833,0,480,380,662,726,784,998,598,387,695,656,231,919,661,613,911,397,433,101
felis fusce posuere felis sed lacus morbi sem mauris laoreet ut rhoncus aliquet,2004,Gerbil (unidentified),Gerbillus sp.,3545,138,27.61,1355,4069,97.81,0.02,9874.49,791.38,6537,813,2749,52,106,69.34,19.27,C,15.14,1.81,C,,848,242,865,323,832,568,301,915,832,254,857,250,78,942,856,913,995,59,418,990,4,252,338,938,101,202,163,766,44,114,190,656,456,892,323,590,797,249,527,1000,53,626,559,479,912
cursus urna ut tellus nulla ut erat id mauris vulputate elementum nullam,2006,Guanaco,Lama guanicoe,5439,43,46.48,5000,7358,87.39,0.89,6891.24,9760.93,8197,112,2330,317,200,99.26,16.45,B,45.26,36.8,B,AA,476,487,564,739,343,660,848,639,198,700,7,80,647,309,918,808,623,864,860,491,736,929,784,135,328,52,784,745,114,945,68,257,148,797,164,586,544,704,859,472,273,116,111,57,394
leo pellentesque ultrices mattis odio donec vitae nisi nam ultrices libero non mattis pulvinar,1991,Cobra (unidentified),Naja sp.,6782,972,56.36,6220,3687,14.63,0.86,6741.73,8698.24,9100,407,1322,241,264,87.4,93.45,C,76.44,67.0,B,AA,836,55,13,47,486,994,673,45,910,276,370,186,2,771,706,247,83,820,34,762,320,608,794,909,332,233,439,332,569,450,819,920,620,119,909,559,229,825,979,283,228,94,164,706,840
mauris ullamcorper purus sit amet nulla quisque arcu libero rutrum ac lobortis vel dapibus,2007,Ring-tailed gecko,Cyrtodactylus louisiadensis,261,543,89.34,1901,8402,52.57,0.6,576.76,4414.53,4841,569,2215,931,300,76.49,8.79,C,65.64,36.47,C,AA,668,405,375,119,734,649,763,61,305,324,939,455,451,249,923,595,896,288,562,908,599,745,140,724,295,644,368,221,334,825,814,149,316,485,771,386,626,862,307,495,985,674,432,971,978
ut rhoncus aliquet pulvinar sed nisl nunc rhoncus dui vel sem sed,1987,Arctic hare,Lepus arcticus,6195,703,62.99,2876,7968,5.71,0.64,9390.78,3417.92,7284,103,21,967,173,87.77,22.29,B,32.45,66.26,A,,286,377,258,315,30,958,602,570,129,928,568,353,416,235,222,669,947,538,667,370,945,839,192,639,442,241,473,691,982,674,470,669,22,272,471,787,726,615,941,619,598,254,923,347,934
suscipit ligula in lacus curabitur at ipsum ac tellus semper interdum mauris ullamcorper purus sit amet nulla quisque arcu,1997,"Sheathbill, snowy",Chionis alba,6962,143,76.4,9632,6948,87.05,0.87,4922.07,6672.72,6348,238,2196,424,261,3.84,80.61,B,36.8,96.85,C,,6,362,820,882,827,390,440,337,107,796,381,743,329,695,561,298,837,220,682,583,576,960,861,470,47,996,499,836,247,135,807,255,828,532,12,858,959,274,484,223,426,413,9,512,137
lacus at velit vivamus vel nulla eget eros elementum pellentesque quisque porta volutpat,2011,"Vulture, king",Sarcorhamphus papa,1249,342,36.51,7244,5159,14.1,0.84,2068.54,4384.41,1515,933,7374,968,142,71.24,12.32,B,27.22,96.12,B,AA,276,42,475,799,952,211,185,95,319,819,972,683,480,6,899,41,891,37,328,526,14,834,143,216,838,407,269,916,826,245,831,895,379,756,859,956,325,968,206,989,543,365,375,113,457
ultrices vel augue vestibulum ante ipsum primis in faucibus orci,2001,"Buffalo, wild water",Bubalus arnee,617,18,41.85,2621,7338,22.75,0.85,5063.11,5404.77,6253,702,7463,941,206,27.54,10.45,C,68.24,33.51,A,AA,518,190,367,486,378,72,853,282,30,574,403,97,876,752,979,582,818,253,718,41,496,259,239,910,956,814,585,627,900,352,197,141,761,97,529,298,125,19,456,729,508,336,934,218,463
vestibulum eget vulputate ut ultrices vel augue vestibulum ante ipsum primis in faucibus orci,2003,Two-toed sloth,Choloepus hoffmani,4466,73,78.49,3990,6176,53.74,0.24,752.59,8244.7,5111,110,433,899,106,92.14,91.65,B,45.1,80.65,C,,550,198,240,741,88,648,456,972,741,588,253,317,407,500,189,487,894,284,426,499,965,905,954,103,129,131,568,573,536,318,702,357,812,471,675,905,853,870,138,410,79,248,384,999,642
proin interdum mauris non ligula pellentesque ultrices phasellus id sapien in sapien iaculis congue vivamus metus arcu adipiscing,2009,Brown brocket,Mazama gouazoubira,8552,976,28.38,532,7650,14.08,0.67,3448.43,8748.41,9206,727,842,581,222,77.86,82.09,C,13.32,74.78,A,AA,437,421,207,34,814,5,427,136,261,259,239,189,161,209,887,942,865,893,326,966,705,598,484,859,692,342,419,575,235,175,769,19,319,83,907,175,636,297,949,242,27,553,940,411,11
erat id mauris vulputate elementum nullam varius nulla facilisi cras non velit nec,1997,Red hartebeest,Alcelaphus buselaphus caama,9434,241,10.11,5828,767,41.77,0.32,4222.24,3202.88,4043,39,6510,934,278,7.86,92.29,B,36.0,39.95,A,,607,514,227,651,660,245,794,163,559,958,44,446,385,40,333,766,635,57,85,281,546,315,218,855,72,986,716,769,493,9,688,15,212,296,210,691,182,250,143,48,123,868,535,578,537
amet nunc viverra dapibus nulla suscipit ligula in lacus curabitur at ipsum ac tellus,1985,"Flicker, field",Colaptes campestroides,7241,170,71.64,4456,2510,88.28,0.55,5385.44,4197.48,8290,504,1674,654,106,11.85,28.71,B,9.45,16.07,C,AA,571,74,914,991,538,831,11,125,646,197,520,427,593,352,748,528,803,885,190,731,738,288,88,551,963,39,722,84,975,638,77,244,939,379,497,85,720,406,322,595,925,70,630,554,169
viverra eget congue eget semper rutrum nulla nunc purus phasellus in,2008,Mule deer,Odocoileus hemionus,8977,231,13.24,4023,8113,23.73,0.03,1888.15,4753.44,9310,383,1903,686,41,23.43,92.77,A,18.59,76.04,C,,70,211,946,118,494,621,217,280,730,481,381,459,457,743,757,604,792,491,432,209,689,484,842,472,404,267,988,99,491,945,242,39,4,163,754,813,680,967,821,186,839,49,990,886,826
turpis sed ante vivamus tortor duis mattis egestas metus aenean fermentum donec ut mauris eget massa tempor convallis,1994,Dromedary camel,Camelus dromedarius,2309,14,78.33,2595,8180,28.3,0.89,6832.98,6790.03,1928,87,1883,374,244,55.01,39.3,A,77.5,43.58,B,AA,322,769,679,806,952,739,597,838,391,539,811,204,748,509,212,650,923,153,501,102,496,750,914,89,105,626,276,245,661,595,44,398,34,676,148,781,250,765,51,739,944,280,879,565,119
nam nulla integer pede justo lacinia eget tincidunt eget tempus vel pede morbi porttitor lorem id ligula suspendisse ornare consequat,1995,Southern screamer,Chauna torquata,9615,1000,17.96,6078,5470,51.37,0.84,7467.82,4329.96,850,961,12,681,181,74.91,88.88,C,2.37,47.19,C,AA,491,366,176,271,133,861,248,683,499,820,447,282,552,207,247,337,116,570,742,977,720,316,437,527,405,493,591,778,541,523,277,697,20,864,578,335,396,6,557,328,71,155,193,13,427
elementum ligula vehicula consequat morbi a ipsum integer a nibh in quis justo maecenas,1994,Purple grenadier,Uraeginthus granatina,5081,887,66.91,7435,1707,42.54,0.67,167.03,5890.36,7660,229,6514,692,20,96.29,80.75,A,49.58,20.44,C,,189,837,526,521,547,975,389,37,829,708,410,115,666,422,680,415,438,873,142,430,664,508,878,687,765,339,620,543,79,866,892,242,488,465,127,773,920,284,501,244,693,582,688,580,556
nunc vestibulum ante ipsum primis in faucibus orci luctus et ultrices,2005,"Hoopoe, eurasian",Upupa epops,9097,614,29.28,482,4606,21.62,0.47,444.59,672.55,2061,598,9583,610,88,99.77,19.38,A,72.35,96.33,C,AA,707,539,327,803,862,157,883,147,656,607,716,306,976,505,631,158,136,187,432,914,77,747,990,680,740,417,832,26,509,894,276,820,85,184,653,391,258,82,511,736,953,656,609,198,324
quis turpis eget elit sodales scelerisque mauris sit amet eros suspendisse accumsan tortor quis turpis,1985,"Bee-eater, carmine",Merops nubicus,6993,875,57.12,9098,1351,87.24,0.81,7862.83,2452.12,1449,980,4358,326,112,13.37,22.03,B,8.73,97.27,C,AA,463,268,62,688,758,74,412,920,998,508,962,7,173,395,421,982,770,494,226,306,503,365,648,220,139,340,411,223,747,280,663,422,562,443,581,168,547,276,329,651,203,894,583,249,713
nulla sed vel enim sit amet nunc viverra dapibus nulla suscipit ligula in lacus curabitur at,1994,"Siskin, yellow-rumped",Carduelis uropygialis,8487,395,58.64,1683,1763,63.57,0.42,8236.62,6620.66,2528,729,4955,398,252,52.7,71.12,A,2.2,10.76,A,AA,183,594,391,813,922,725,911,936,675,729,988,633,296,697,898,396,542,867,62,788,730,716,655,15,304,607,328,669,576,27,440,793,829,956,142,786,327,266,262,568,891,68,899,432,548
suscipit nulla elit ac nulla sed vel enim sit amet,2008,White-fronted bee-eater,Merops bullockoides,1605,526,26.62,7462,4147,5.85,0.42,2616.42,9716.87,6967,991,7631,932,330,73.31,48.79,C,47.31,29.99,C,AA,973,477,833,125,831,928,385,472,265,569,802,831,489,414,88,292,591,238,805,791,691,408,164,722,713,272,172,514,935,799,993,315,0,777,527,50,994,904,32,274,34,208,889,191,910
ac tellus semper interdum mauris ullamcorper purus sit amet nulla quisque arcu libero,1967,"Stork, jabiru",Ephippiorhynchus mycteria,5233,110,59.7,3357,4483,83.48,0.08,8799.14,6555.74,4269,615,1061,758,117,59.75,73.94,A,22.3,78.18,B,,734,917,537,360,588,117,773,397,600,838,636,178,926,425,448,469,797,405,470,425,717,54,571,535,978,277,88,415,24,727,466,661,48,252,42,660,312,982,540,530,975,495,761,529,360
maecenas ut massa quis augue luctus tincidunt nulla mollis molestie lorem quisque ut erat curabitur,2000,Beisa oryx,Oryx gazella,8881,112,28.41,1550,6014,21.01,0.95,4321.19,1931.66,8636,832,6479,704,168,47.85,5.1,C,67.81,18.29,A,,717,456,798,896,984,505,228,939,232,956,382,70,428,885,21,107,331,617,956,138,96,565,182,346,45,767,51,541,746,893,121,532,862,676,796,436,615,84,550,100,919,600,190,951,932
praesent blandit lacinia erat vestibulum sed magna at nunc commodo placerat,1998,Canadian river otter,Lutra canadensis,6346,360,53.83,194,5388,68.85,0.45,352.01,4387.85,5556,456,2911,527,11,38.13,70.16,A,60.45,3.0,C,,818,373,942,911,133,623,688,118,576,37,436,697,564,877,431,758,936,463,426,216,981,392,157,111,582,589,758,834,932,864,547,488,367,808,691,520,186,56,388,39,212,408,723,975,411
porttitor lorem id ligula suspendisse ornare consequat lectus in est risus,1994,Yellow-throated sandgrouse,Pterocles gutturalis,3455,716,28.29,9719,767,28.32,1.0,4276.94,2450.93,8262,513,9629,290,269,62.24,63.96,C,71.12,99.09,B,,299,753,495,257,182,182,116,62,379,674,584,819,898,448,34,740,239,373,253,877,981,305,142,471,326,757,549,991,265,988,560,639,709,547,250,356,497,547,193,76,742,841,245,611,155
nullam porttitor lacus at turpis donec posuere metus vitae ipsum,1979,"Lizard, desert spiny",Sceloporus magister,7319,149,97.9,4211,3460,9.95,0.46,2258.42,1875.99,8180,142,8048,498,238,76.52,7.94,B,35.3,98.32,C,AA,516,668,726,151,553,857,304,61,80,625,514,388,211,988,425,28,489,542,19,829,588,82,324,109,379,636,179,554,751,778,626,636,254,331,808,173,176,815,956,691,452,783,410,695,599
imperdiet nullam orci pede venenatis non sodales sed tincidunt eu felis fusce posuere felis sed lacus morbi sem,1996,"Legaan, ground",Varanus sp.,1147,640,93.32,8984,9184,58.72,0.58,8491.62,5594.42,3185,463,9400,762,168,3.29,15.04,B,40.05,13.67,B,AA,373,81,468,526,269,771,192,318,717,638,388,860,332,473,751,201,939,688,46,665,630,486,882,75,417,949,4,178,491,543,430,987,414,942,690,942,150,978,457,886,13,41,961,646,628
sit amet erat nulla tempus vivamus in felis eu sapien cursus vestibulum proin eu mi nulla ac enim,1999,Eastern grey kangaroo,Macropus giganteus,6157,133,88.33,4545,3817,31.63,0.39,4425.56,944.79,7739,228,5069,501,263,27.87,98.86,C,31.3,69.28,C,,244,598,283,480,140,853,428,758,833,445,756,975,446,331,76,162,209,886,728,393,583,247,396,8,273,807,911,57,485,828,390,529,768,691,746,340,728,696,149,430,782,965,212,350,638
id mauris vulputate elementum nullam varius nulla facilisi cras non velit nec nisi vulputate nonummy maecenas tincidunt lacus at,1992,"Buffalo, asian water",Bubalus arnee,1198,793,58.96,6779,7715,56.66,0.99,4518.28,4246.85,8113,931,6530,650,343,89.28,68.42,B,66.81,63.62,B,AA,688,706,874,820,128,52,400,738,657,942,917,527,924,168,359,9,194,94,784,812,452,221,122,242,287,280,409,632,350,303,793,355,930,472,420,75,542,321,574,347,381,51,39,83,459
penatibus et magnis dis parturient montes nascetur ridiculus mus vivamus vestibulum sagittis sapien cum sociis natoque penatibus,2009,Lava gull,Larus fuliginosus,5593,847,0.42,5747,3383,10.6,0.32,8704.61,7176.62,4481,709,6852,839,107,87.34,5.0,C,38.64,70.48,B,AA,960,580,243,480,536,171,495,430,744,874,584,978,534,105,311,630,329,431,623,954,786,616,594,691,788,970,659,415,472,685,0,251,278,372,953,184,561,752,408,249,961,18,619,109,505
volutpat sapien arcu sed augue aliquam erat volutpat in congue etiam justo etiam pretium iaculis justo,1993,Oribi,Ourebia ourebi,8760,914,41.14,3268,3865,54.66,0.07,8872.82,1893.5,6089,308,4815,493,70,55.78,15.22,A,35.32,76.56,A,,239,693,163,937,451,799,292,127,163,208,545,732,475,500,698,139,699,835,818,502,845,20,768,576,95,868,813,18,584,90,653,668,995,597,779,380,749,135,313,826,113,546,577,702,505
ante ipsum primis in faucibus orci luctus et ultrices posuere cubilia curae donec pharetra magna,2001,"Rhea, common",Rhea americana,11,293,68.61,9321,4246,66.46,0.23,1462.05,5644.28,2013,184,4015,83,337,63.23,28.32,C,91.25,83.76,B,AA,500,497,452,136,894,312,850,238,57,689,767,349,857,873,803,340,354,780,40,356,145,542,608,156,393,857,912,961,894,773,647,96,933,583,760,875,714,264,568,347,78,634,520,849,889
viverra pede ac diam cras pellentesque volutpat dui maecenas tristique est et tempus semper,1992,Cook's tree boa,Corallus hortulanus cooki,9228,95,20.03,2133,305,21.2,0.74,5101.45,3429.79,6991,847,7,834,345,3.06,36.8,B,28.09,28.01,B,,995,256,578,368,361,105,576,365,734,631,839,542,428,530,315,145,268,289,956,945,631,72,403,125,927,594,652,245,585,429,581,914,405,774,175,844,819,502,729,143,667,594,406,299,927
ligula vehicula consequat morbi a ipsum integer a nibh in quis justo maecenas rhoncus aliquam,2007,Hummingbird (unidentified),unavailable,1250,942,98.5,9245,8569,84.82,0.02,1251.77,2640.83,1145,244,7049,914,129,43.9,61.04,C,99.91,28.43,A,AA,773,467,257,223,193,589,482,547,716,237,404,971,154,81,763,533,527,866,309,256,498,612,1,593,309,733,974,195,946,628,279,993,722,151,231,161,52,753,676,893,732,899,864,417,970
non interdum in ante vestibulum ante ipsum primis in faucibus orci luctus et ultrices posuere cubilia curae,2012,"Iguana, land",Conolophus subcristatus,7737,307,86.39,624,2124,0.1,0.9,8038.73,4999.67,9614,676,4614,717,298,39.48,31.0,C,57.67,61.77,B,AA,268,842,525,853,675,540,889,506,928,333,243,738,241,400,657,99,117,999,643,891,470,69,201,544,953,490,258,96,404,472,350,815,915,427,443,202,834,45,0,882,457,731,189,942,453
turpis nec euismod scelerisque quam turpis adipiscing lorem vitae mattis nibh ligula nec sem duis aliquam convallis nunc proin,1985,Asiatic wild ass,Equus hemionus,7091,619,92.96,6469,8022,13.46,0.46,1253.88,2320.1,6666,673,2974,743,7,5.21,32.41,A,72.72,67.77,A,AA,567,927,872,47,29,417,153,817,732,70,312,340,66,578,630,858,661,339,592,652,715,128,330,34,464,839,772,588,102,235,308,683,848,274,933,876,124,587,239,755,437,568,279,213,82
sed nisl nunc rhoncus dui vel sem sed sagittis nam congue risus semper porta volutpat quam pede lobortis ligula sit,2011,Kongoni,Alcelaphus buselaphus cokii,1588,276,12.48,2577,8942,59.42,0.27,7226.5,4730.64,5015,313,8210,74,282,7.09,84.81,C,96.48,97.06,C,AA,680,301,148,191,862,751,577,700,23,472,397,732,555,884,487,550,91,526,365,915,859,658,665,442,332,15,791,835,396,82,456,117,491,481,574,136,858,642,243,864,750,987,545,860,209
molestie nibh in lectus pellentesque at nulla suspendisse potenti cras in purus,1984,"Starling, red-shouldered glossy",Lamprotornis nitens,4070,671,65.99,9500,6222,68.08,0.45,5316.47,7921.74,2478,944,3347,909,26,37.31,76.0,A,11.15,24.38,C,,980,765,495,428,335,340,80,609,134,185,256,37,802,523,411,257,412,335,970,468,869,553,885,97,563,283,892,380,826,30,410,189,624,298,506,780,672,425,223,6,445,279,179,393,304
in ante vestibulum ante ipsum primis in faucibus orci luctus et ultrices posuere,2009,"Starling, greater blue-eared",Lamprotornis chalybaeus,5419,523,7.78,5920,9868,29.72,0.59,5961.83,8761.56,9016,319,3148,960,11,94.83,7.61,B,18.16,48.91,A,AA,493,21,657,828,59,829,125,159,358,46,824,794,198,69,716,613,374,669,31,85,22,204,701,712,121,810,506,594,201,609,840,122,419,478,563,65,219,645,988,643,458,898,688,262,960
integer pede justo lacinia eget tincidunt eget tempus vel pede morbi porttitor lorem id ligula suspendisse ornare,2001,Springbok,Antidorcas marsupialis,2410,872,32.6,9976,9756,67.58,0.95,9661.33,5985.3,6178,645,9924,887,139,69.31,64.99,C,98.37,5.56,C,,368,721,687,307,657,656,564,678,53,808,125,933,823,954,586,7,81,287,804,215,650,781,999,302,191,576,916,752,926,979,339,192,999,117,350,631,51,370,268,387,230,623,514,52,924
bibendum felis sed interdum venenatis turpis enim blandit mi in porttitor pede justo eu,2010,"Francolin, coqui",Francolinus coqui,8912,748,32.53,8292,257,68.97,0.8,953.4,5912.44,128,282,8196,978,113,3.57,98.34,A,61.85,90.48,C,AA,624,653,713,220,232,948,354,795,722,31,390,712,417,252,44,809,158,523,854,659,27,772,156,210,295,50,470,532,599,325,418,801,160,376,614,36,980,351,552,941,64,222,186,585,693
elementum in hac habitasse platea dictumst morbi vestibulum velit id pretium iaculis diam erat fermentum,1994,"Bandicoot, short-nosed",Isoodon obesulus,8008,409,21.58,7482,9956,52.2,0.21,3672.97,9936.87,7807,598,3422,665,94,80.21,31.41,C,96.1,51.15,C,,767,293,93,806,31,940,545,861,722,996,776,824,39,267,563,583,628,348,445,184,975,66,218,216,935,333,272,132,736,680,500,633,566,787,388,355,824,152,296,139,457,324,142,286,926
nulla ac enim in tempor turpis nec euismod scelerisque quam turpis adipiscing,1993,African bush squirrel,Paraxerus cepapi,616,305,71.5,3548,5220,95.07,0.08,400.5,6333.26,8597,984,6321,914,213,40.23,84.32,A,55.77,11.74,A,AA,985,31,399,325,219,880,502,659,692,410,626,898,709,391,30,990,977,661,980,101,342,910,751,413,747,153,86,147,550,626,813,653,561,554,117,227,868,183,692,529,210,667,437,215,480
rutrum at lorem integer tincidunt ante vel ipsum praesent blandit lacinia,1996,Sage hen,Centrocercus urophasianus,2917,671,96.3,3841,8459,99.37,0.72,3028.99,5958.71,9401,67,8401,350,13,72.56,1.06,B,8.22,95.03,A,AA,768,486,253,818,750,685,318,300,6,865,756,999,711,974,178,471,928,377,25,60,167,841,995,674,663,592,896,946,926,43,729,290,266,617,788,2,914,673,834,58,108,245,265,879,221
diam id ornare imperdiet sapien urna pretium nisl ut volutpat sapien arcu sed,2004,Crested screamer,Chauna torquata,2223,665,87.67,3759,8165,53.11,0.14,2280.72,8553.26,7544,68,1442,291,169,2.42,72.78,A,56.58,33.61,A,AA,314,376,93,891,456,473,401,466,304,443,726,116,740,730,396,543,30,575,677,386,359,455,140,446,931,189,664,176,562,110,496,154,983,819,257,486,86,300,397,445,405,368,777,664,967
ut erat id mauris vulputate elementum nullam varius nulla facilisi cras non velit nec,1993,"Cockatoo, sulfur-crested",Cacatua galerita,1500,114,69.51,2994,3430,83.27,0.41,1715.99,7919.18,2676,514,2722,427,258,43.96,69.51,C,51.54,14.3,B,AA,594,203,106,558,340,820,425,378,738,122,296,878,90,955,441,526,286,996,395,176,650,693,204,893,538,159,61,484,698,55,5,136,434,89,933,649,301,100,625,8,711,850,684,943,233
ante ipsum primis in faucibus orci luctus et ultrices posuere cubilia curae,2000,Eastern white pelican,Pelecans onocratalus,4570,270,11.7,9119,2900,55.03,0.24,6453.36,3392.1,8594,220,3992,680,6,70.35,76.94,B,30.94,75.88,B,AA,450,856,174,776,84,174,641,76,806,972,752,434,502,568,307,952,985,23,500,968,598,57,466,130,783,499,773,483,7,81,105,643,201,247,524,235,983,217,930,316,981,185,797,324,951
sit amet cursus id turpis integer aliquet massa id lobortis convallis tortor risus dapibus augue vel accumsan tellus,1986,Red deer,Cervus elaphus,150,578,10.18,965,207,5.46,0.91,6219.31,1349.61,2230,744,7969,644,324,55.93,57.61,A,55.43,98.13,C,AA,647,762,929,372,312,427,275,620,526,653,363,810,814,14,266,669,966,979,177,741,409,816,628,531,338,416,543,479,411,945,435,385,699,431,938,677,254,685,347,237,583,474,168,171,855
quis orci eget orci vehicula condimentum curabitur in libero ut massa volutpat convallis morbi,2004,Great cormorant,Phalacrocorax carbo,3312,749,80.18,8501,6316,32.73,0.13,7384.78,7324.4,6106,952,8140,811,60,63.96,66.43,A,75.14,83.08,C,AA,152,5,5,264,151,885,494,454,929,533,134,429,90,514,236,879,253,535,448,524,666,403,489,892,889,16,443,513,878,974,317,141,665,438,999,669,180,883,286,163,205,392,531,602,887
orci eget orci vehicula condimentum curabitur in libero ut massa volutpat convallis morbi,2006,"Tamandua, southern",Tamandua tetradactyla,628,539,95.1,9085,4340,2.45,0.76,3217.92,622.11,3933,847,2743,551,163,53.52,19.08,A,1.72,71.05,B,AA,833,283,636,926,800,466,125,552,278,87,661,212,900,169,966,717,466,487,972,164,870,198,369,76,532,385,636,174,227,527,111,247,110,902,137,770,456,422,304,868,870,327,391,33,90
ultrices vel augue vestibulum ante ipsum primis in faucibus orci luctus et ultrices posuere cubilia curae donec pharetra magna,2000,"Parakeet, rose-ringed",Psittacula krameri,6295,414,3.05,3618,9855,22.99,0.27,4275.73,2612.75,9937,103,9432,446,101,9.02,8.97,C,81.46,4.95,B,,134,723,438,69,844,235,973,190,91,867,428,395,514,193,359,877,819,62,310,378,451,249,930,593,837,785,329,673,67,133,106,363,43,666,460,581,669,726,152,169,694,336,435,563,234
tempor turpis nec euismod scelerisque quam turpis adipiscing lorem vitae mattis nibh,2006,Wild boar,Sus scrofa,5363,679,15.54,1761,2030,50.48,0.52,8802.8,305.14,6009,97,8234,295,341,54.22,77.06,A,18.87,79.64,A,AA,389,536,274,327,420,945,859,881,841,481,339,38,684,408,274,741,853,56,57,47,560,796,750,667,930,581,362,446,395,586,398,281,954,418,997,652,533,334,963,776,316,816,812,5,886
eget massa tempor convallis nulla neque libero convallis eget eleifend luctus ultricies eu,2002,"Owl, burrowing",Speotyte cuniculata,836,160,65.42,2869,4796,42.58,0.62,880.98,9899.85,6945,125,1916,283,124,96.18,15.04,A,27.03,26.49,A,AA,844,527,724,345,98,213,747,139,129,538,800,128,384,153,120,333,468,756,167,246,741,83,819,905,533,205,272,600,710,251,168,719,47,369,362,836,165,996,839,874,353,428,106,261,943
nibh fusce lacus purus aliquet at feugiat non pretium quis,2010,White-lipped peccary,Tayassu pecari,8489,989,39.55,8294,4483,49.64,0.78,7164.43,662.05,965,30,7053,39,73,11.16,63.36,C,49.49,83.97,A,AA,480,391,13,712,562,177,805,303,969,111,615,308,316,70,850,134,571,918,232,694,579,676,814,933,579,668,816,582,747,367,668,169,994,467,11,724,155,689,686,131,754,325,381,953,869
amet turpis elementum ligula vehicula consequat morbi a ipsum integer a nibh in quis justo maecenas rhoncus aliquam,2006,"Bat, little brown",Myotis lucifugus,9503,334,5.5,8149,1540,28.22,0.21,9523.23,7165.81,4591,325,3244,103,218,27.33,98.18,B,79.16,55.76,B,,549,844,714,831,555,730,723,489,94,108,697,562,789,720,635,340,544,973,467,887,823,482,308,476,533,716,309,750,56,753,989,435,437,722,602,541,849,948,479,62,562,39,406,628,17
adipiscing molestie hendrerit at vulputate vitae nisl aenean lectus pellentesque eget nunc,2006,Savanna fox,Dusicyon thous,127,729,16.5,3858,2433,80.07,0.9,5687.33,8507.19,9405,989,7980,269,52,50.61,4.07,B,34.82,20.21,C,AA,962,483,635,580,794,377,688,328,594,605,673,679,969,125,884,189,172,838,757,23,610,143,199,522,665,475,603,968,987,359,59,53,16,432,194,773,916,920,123,294,919,599,823,908,673
in hac habitasse platea dictumst aliquam augue quam sollicitudin vitae consectetuer eget rutrum at,1994,"Snake, racer",Coluber constrictor,7196,66,81.44,5747,8251,90.18,0.68,403.52,2917.71,7523,41,4499,986,108,66.36,10.52,B,50.76,56.24,C,AA,99,570,905,813,940,804,599,821,569,551,651,275,989,685,423,91,399,721,734,697,633,805,177,90,382,648,686,986,258,467,393,173,66,62,952,327,540,142,979,368,874,779,505,244,832
quis orci eget orci vehicula condimentum curabitur in libero ut massa,1987,"Vulture, turkey",Cathartes aura,2509,968,69.0,3022,6851,19.67,0.03,5234.34,6890.15,9810,617,3965,507,22,82.99,15.53,C,38.93,87.51,C,AA,519,294,891,188,513,21,886,808,441,423,353,600,166,940,25,725,208,480,754,326,498,85,197,790,405,796,194,81,651,619,781,670,316,408,212,114,465,544,597,647,347,787,516,116,331
ut volutpat sapien arcu sed augue aliquam erat volutpat in congue etiam,1993,Raccoon dog,Nyctereutes procyonoides,4402,671,83.05,5321,2591,41.08,0.4,2517.43,3666.99,8474,144,1098,292,314,75.91,39.45,A,29.62,77.17,A,AA,825,250,143,852,958,146,891,118,509,566,655,100,206,366,217,93,216,473,223,253,691,62,812,21,288,99,67,788,708,759,356,230,421,267,74,57,254,884,561,992,85,366,653,884,167
quam sollicitudin vitae consectetuer eget rutrum at lorem integer tincidunt ante vel ipsum praesent blandit lacinia erat vestibulum sed,2001,Dingo,Canis dingo,4191,839,24.0,5603,3029,71.04,0.4,7391.47,9648.8,7945,448,7116,731,29,12.04,44.57,C,55.2,83.52,B,AA,739,613,960,659,677,146,682,355,458,674,734,680,559,550,931,661,652,79,267,554,334,107,957,354,315,504,285,671,173,404,867,968,91,228,372,60,117,859,260,916,420,381,164,364,84
quis justo maecenas rhoncus aliquam lacus morbi quis tortor id nulla ultrices,2002,Eurasian red squirrel,Sciurus vulgaris,5217,888,5.9,6726,151,90.68,0.01,8451.41,1437.86,4117,682,7532,657,278,34.38,8.98,C,63.91,37.46,B,AA,594,62,38,682,550,664,674,493,442,798,202,280,635,307,798,515,502,18,966,164,517,287,553,122,784,347,111,846,674,232,440,176,675,238,67,481,718,789,600,957,365,881,398,690,226
vestibulum sit amet cursus id turpis integer aliquet massa id lobortis,2011,Sociable weaver,Philetairus socius,9448,399,16.39,8106,329,42.46,0.0,4135.47,221.1,6847,467,1135,396,112,41.14,12.14,C,71.21,8.31,B,AA,855,987,685,25,640,510,761,495,150,335,430,523,543,733,50,893,91,420,374,696,145,252,361,372,467,887,29,898,687,765,699,217,551,928,449,675,261,475,961,519,502,763,892,772,975
ac nibh fusce lacus purus aliquet at feugiat non pretium quis lectus suspendisse potenti,1996,Spotted hyena,Crocuta crocuta,2109,686,83.04,1120,2764,19.19,0.6,995.88,2768.01,2879,62,2559,431,105,16.6,44.12,C,27.15,44.75,A,AA,61,125,389,744,977,125,988,478,750,595,429,779,844,997,517,235,875,857,599,986,532,664,871,503,943,778,932,125,787,114,553,648,908,454,871,460,721,637,91,955,801,752,762,250,957
in leo maecenas pulvinar lobortis est phasellus sit amet erat nulla tempus vivamus in felis,1993,African clawless otter,Aonyx capensis,4347,663,99.04,2878,7563,59.01,0.77,6062.77,2412.92,5837,238,5907,794,199,96.94,56.49,B,84.14,39.53,B,AA,130,302,403,245,539,188,70,627,367,396,44,732,52,336,899,15,859,590,844,978,813,945,638,345,464,277,426,75,596,693,762,843,278,605,585,474,137,986,984,107,350,314,690,787,195
tortor duis mattis egestas metus aenean fermentum donec ut mauris eget massa tempor convallis nulla neque libero convallis eget eleifend,1996,"Wallaroo, common",Macropus robustus,6715,438,74.36,1946,4293,19.43,0.88,1812.59,7025.8,4446,96,174,173,3,60.9,17.06,C,58.1,64.41,C,AA,68,4,462,825,698,392,86,570,397,776,80,418,987,406,77,664,479,907,860,486,761,665,198,400,702,546,405,494,191,195,404,810,306,7,736,278,674,659,658,727,400,586,351,688,899
nec molestie sed justo pellentesque viverra pede ac diam cras pellentesque volutpat dui maecenas tristique est et tempus semper,1987,Black-crowned crane,Balearica pavonina,3639,612,1.42,2895,8965,29.7,0.09,9962.45,2513.97,7109,897,3132,263,273,17.13,93.72,B,68.83,45.88,A,,483,528,1000,412,170,730,668,755,769,613,937,847,277,49,389,341,672,945,936,722,15,957,353,995,956,651,736,835,448,905,742,583,891,234,408,55,280,901,472,295,26,625,549,53,194
luctus et ultrices posuere cubilia curae nulla dapibus dolor vel est donec odio justo sollicitudin ut suscipit a,2009,Hummingbird (unidentified),unavailable,6586,272,47.43,7063,9048,60.13,0.59,5997.11,8971.21,5316,618,2566,548,192,88.28,99.97,A,13.25,39.82,C,,188,261,877,898,720,461,136,959,260,980,172,902,55,123,674,344,549,461,62,143,107,487,493,189,802,292,304,384,413,34,884,760,307,406,509,734,406,841,5,785,888,505,324,621,846
sodales scelerisque mauris sit amet eros suspendisse accumsan tortor quis turpis sed ante vivamus tortor duis mattis egestas metus aenean,1991,Striped dolphin,Stenella coeruleoalba,9341,756,87.71,7685,124,34.91,0.34,7704.09,3696.93,4263,609,1534,6,36,27.33,15.97,C,36.35,13.21,A,AA,503,38,657,439,30,31,689,391,634,79,585,268,966,894,522,223,226,536,120,449,940,496,304,61,568,925,716,417,843,959,645,782,59,286,554,279,835,408,772,970,813,601,276,995,430
dignissim vestibulum vestibulum ante ipsum primis in faucibus orci luctus et ultrices posuere cubilia curae nulla,1993,"Armadillo, giant",Priodontes maximus,3256,784,10.41,2771,7014,89.25,0.48,6463.58,8893.26,1852,802,8352,36,132,64.83,27.31,B,36.74,39.38,C,,395,500,965,573,831,359,441,555,143,749,162,994,780,310,189,888,118,579,174,123,373,172,87,682,251,260,72,990,29,827,36,430,289,847,125,128,960,439,234,180,442,621,102,833,310
integer a nibh in quis justo maecenas rhoncus aliquam lacus morbi quis,2003,"Eagle, african fish",Haliaetus vocifer,9576,496,90.94,9055,9295,31.88,0.71,5104.28,9382.88,4739,868,6695,970,103,42.46,95.32,B,21.38,61.96,B,AA,846,939,985,329,670,814,352,584,508,552,167,815,52,153,621,389,0,424,313,633,985,271,464,604,818,913,621,698,709,505,516,78,541,689,267,732,159,217,283,992,514,449,632,344,182
arcu sed augue aliquam erat volutpat in congue etiam justo etiam pretium iaculis justo in hac habitasse platea dictumst,2005,"Trumpeter, green-winged",Psophia viridis,2498,457,16.54,3984,3049,4.99,0.66,4683.69,2574.95,3248,772,8895,279,19,60.57,36.67,C,81.47,29.43,B,AA,889,41,370,932,49,227,553,143,504,5,26,793,35,213,598,412,851,554,212,497,666,681,860,208,901,116,215,44,391,476,752,482,63,470,224,749,146,748,221,189,937,871,951,170,892
libero nullam sit amet turpis elementum ligula vehicula consequat morbi a ipsum integer a,1986,African lion,Panthera leo,258,68,46.83,3220,7926,36.98,0.15,3649.96,2954.16,3633,328,1267,653,83,67.76,70.7,B,25.65,29.02,C,AA,690,375,814,12,635,439,421,98,332,9,278,684,123,899,728,896,52,215,967,326,422,266,22,404,581,261,314,169,997,864,720,763,101,903,634,863,38,363,316,948,756,903,291,235,888
pellentesque ultrices phasellus id sapien in sapien iaculis congue vivamus metus arcu adipiscing molestie hendrerit at vulputate vitae nisl,2003,"Wallaby, euro",Macropus robustus,1804,487,81.68,7961,2142,50.52,0.08,9007.68,1068.18,80,660,6860,181,217,99.55,73.75,B,8.2,85.57,A,,449,971,277,473,768,938,821,56,370,760,234,319,600,904,919,993,835,229,752,135,239,301,153,393,911,579,829,648,77,134,331,576,125,707,176,272,307,479,0,16,58,947,894,838,832
amet turpis elementum ligula vehicula consequat morbi a ipsum integer a nibh in quis justo maecenas rhoncus aliquam lacus,2010,"Dragon, ornate rock",Ctenophorus ornatus,8526,671,76.78,7422,8148,79.68,0.32,7122.64,4385.76,9013,543,8410,607,156,89.29,18.38,C,48.32,81.95,B,AA,520,905,817,845,297,800,803,147,576,603,455,995,780,762,18,897,472,967,690,6,56,350,398,45,45,146,299,63,890,260,797,164,1000,620,23,588,113,473,887,603,234,78,375,96,667
diam neque vestibulum eget vulputate ut ultrices vel augue vestibulum ante ipsum primis in faucibus orci luctus et ultrices posuere,2006,Urial,Ovis orientalis,4526,122,22.31,7397,4279,47.05,0.88,3626.34,1745.66,2662,525,2802,982,277,36.98,27.23,A,37.56,92.8,A,,746,410,902,868,369,542,71,978,859,462,179,517,625,391,203,633,671,304,540,561,512,679,359,883,405,743,309,5,675,177,89,837,477,593,475,807,403,213,683,47,645,506,146,991,581
mus etiam vel augue vestibulum rutrum rutrum neque aenean auctor gravida sem praesent id massa id,2012,White-tailed deer,Odocoilenaus virginianus,9210,743,33.38,4463,6302,67.06,0.59,2278.09,868.21,5678,772,1423,148,224,9.75,70.41,C,12.72,79.01,C,,135,986,287,422,450,422,557,217,569,601,392,524,182,896,754,606,728,966,727,751,542,388,605,332,403,304,435,273,322,548,616,385,57,354,405,984,124,768,788,309,106,207,150,375,106
primis in faucibus orci luctus et ultrices posuere cubilia curae donec pharetra magna,2010,White-fronted capuchin,Cebus albifrons,1224,848,14.81,1888,6269,92.12,0.01,4322.83,4398.11,3902,546,1123,606,343,94.45,49.91,A,63.69,21.24,C,AA,895,95,730,70,793,178,912,469,784,776,596,485,845,662,742,934,111,392,498,913,919,993,347,875,441,768,119,849,83,204,773,221,48,719,329,588,254,253,558,63,951,773,388,11,814
nunc vestibulum ante ipsum primis in faucibus orci luctus et ultrices posuere cubilia curae mauris viverra diam vitae quam,2012,Australian pelican,Pelecanus conspicillatus,8677,579,53.28,9518,9808,46.7,0.11,7236.86,2764.82,1741,238,4595,514,77,18.3,67.45,B,52.01,90.35,C,AA,676,686,970,186,161,837,465,57,308,656,143,459,736,745,951,673,202,611,923,997,206,938,793,380,321,439,736,662,13,118,872,578,595,876,655,498,102,102,22,445,728,623,87,898,505
scelerisque quam turpis adipiscing lorem vitae mattis nibh ligula nec sem duis aliquam convallis nunc proin at turpis,1997,"Gull, kelp",Larus dominicanus,1367,109,77.26,132,5765,9.06,0.49,7265.66,1443.03,3665,34,7980,561,217,30.68,33.76,B,32.69,34.22,A,,331,257,958,134,319,176,434,866,402,480,974,812,942,786,174,235,315,234,988,495,240,984,34,897,306,326,714,960,971,511,474,772,482,355,808,599,616,867,246,994,388,312,585,158,668
risus auctor sed tristique in tempus sit amet sem fusce consequat nulla nisl nunc nisl duis bibendum,1992,"Ferret, black-footed",Mustela nigripes,5530,665,46.95,8276,6308,50.77,0.62,2310.27,3242.76,7350,350,868,116,152,69.39,31.42,A,58.9,26.46,C,,827,577,635,354,574,172,960,574,230,178,851,594,819,211,585,503,362,150,245,458,251,686,172,257,547,892,905,782,647,807,882,924,243,183,518,722,764,580,826,866,365,344,236,336,621
adipiscing elit proin risus praesent lectus vestibulum quam sapien varius ut,1985,Netted rock dragon,Ctenophorus ornatus,6903,858,81.21,5569,888,22.43,0.98,1234.09,5671.11,8164,466,6527,998,20,69.67,79.33,A,0.49,50.58,A,AA,227,13,857,883,910,320,627,633,308,625,737,226,459,269,211,745,815,254,323,716,429,497,595,356,602,426,802,400,375,964,415,633,974,605,828,353,954,11,90,816,502,810,508,583,569
lacus morbi quis tortor id nulla ultrices aliquet maecenas leo odio condimentum id luctus nec molestie sed justo,1995,"Tortoise, galapagos",Geochelone elephantopus,8752,611,83.33,6992,8457,60.69,0.3,9624.93,7452.25,1517,115,4638,114,117,23.81,40.07,A,44.3,9.97,A,AA,717,789,599,123,934,196,348,427,114,816,147,818,783,631,592,405,460,694,528,404,191,979,159,130,251,647,278,675,411,793,758,633,92,204,850,721,165,826,651,292,483,541,573,198,133
ultrices posuere cubilia curae mauris viverra diam vitae quam suspendisse potenti nullam porttitor lacus at turpis donec,2008,Pied crow,Corvus albus,1767,238,51.99,8842,4110,29.35,0.27,5745.23,3254.51,4947,951,8426,594,313,20.53,78.41,C,98.35,96.8,A,AA,178,885,720,508,929,260,23,619,615,661,856,556,731,267,811,956,925,15,374,662,768,261,290,907,332,513,825,936,912,368,243,696,341,407,608,500,471,44,145,423,182,340,18,390,766
vestibulum ac est lacinia nisi venenatis tristique fusce congue diam id ornare,1995,Civet (unidentified),unavailable,5905,821,81.57,562,9962,41.08,0.71,1162.99,9637.04,8267,790,4859,273,25,90.92,30.96,C,30.18,37.5,B,,298,987,640,540,851,121,738,825,254,179,113,319,388,865,869,623,906,640,877,236,778,610,328,591,924,475,103,809,46,823,421,233,694,48,861,384,814,179,261,437,953,106,575,101,136
aenean lectus pellentesque eget nunc donec quis orci eget orci vehicula condimentum curabitur in libero ut massa,1995,"Wallaby, red-necked",Macropus rufogriseus,1023,110,91.72,1559,7095,32.3,0.64,5200.55,4102.3,589,975,3985,687,142,59.93,84.22,B,62.89,32.22,C,AA,655,532,203,877,85,782,382,694,844,858,774,821,237,381,504,270,262,778,815,370,143,566,610,702,144,654,5,837,295,641,112,275,177,537,801,174,541,437,121,844,208,726,224,65,829
primis in faucibus orci luctus et ultrices posuere cubilia curae duis faucibus accumsan odio curabitur convallis duis consequat dui,2006,"Porcupine, north american",Erethizon dorsatum,2678,525,60.12,5868,3054,52.96,0.66,4905.75,3834.2,7571,713,9808,967,250,43.65,18.92,A,32.68,33.44,A,AA,117,512,962,269,946,507,248,191,230,56,318,481,226,508,572,887,142,271,797,358,152,234,62,566,679,898,587,917,544,349,233,827,191,511,930,786,921,535,104,633,825,392,261,919,458
primis in faucibus orci luctus et ultrices posuere cubilia curae nulla dapibus dolor vel est donec odio justo sollicitudin ut,2007,Common dolphin,Delphinus delphis,1472,206,3.8,175,5317,94.41,0.85,1017.83,8332.5,7081,833,3191,958,304,82.54,70.82,C,18.55,86.32,A,AA,583,465,608,148,807,100,599,775,398,808,535,7,788,717,965,632,35,548,181,242,353,407,793,960,300,140,888,700,845,672,327,20,2,572,436,470,68,405,68,998,837,696,331,174,205
tempor convallis nulla neque libero convallis eget eleifend luctus ultricies eu nibh quisque id justo,2002,Bonnet macaque,Macaca radiata,4030,436,14.18,1794,3397,31.28,0.18,4872.88,1154.65,3725,42,1798,188,292,74.76,38.99,B,49.79,19.43,C,,472,217,479,61,859,454,774,582,859,57,3,946,793,613,839,141,207,42,802,214,507,244,622,988,530,905,520,528,622,466,141,877,155,679,933,591,358,410,515,336,435,842,193,658,428
suscipit a feugiat et eros vestibulum ac est lacinia nisi,1992,"Heron, green",Butorides striatus,6741,382,69.26,5637,3950,41.87,0.48,880.45,1011.37,3451,361,203,593,147,21.65,46.6,A,65.44,36.12,C,AA,956,86,29,877,90,346,9,66,458,561,507,852,98,154,386,304,189,443,767,96,413,240,901,654,872,381,181,876,591,879,898,293,861,195,985,806,114,98,279,539,752,261,577,95,80
vestibulum velit id pretium iaculis diam erat fermentum justo nec condimentum neque sapien,1993,Madagascar fruit bat,Pteropus rufus,6299,472,88.03,4961,754,87.41,0.07,9777.41,1665.29,633,644,551,64,93,65.52,11.44,C,21.61,89.1,A,AA,478,172,943,671,425,516,493,500,227,724,810,674,123,394,924,1000,790,654,357,505,368,439,731,204,325,744,879,606,847,226,63,184,896,135,674,49,835,307,111,705,635,500,139,593,104
vehicula consequat morbi a ipsum integer a nibh in quis justo maecenas,1997,African polecat,Ictonyx striatus,5653,360,51.93,1740,5002,29.9,0.63,2603.76,5699.43,7763,691,5956,384,39,21.29,26.92,B,76.19,75.34,A,AA,370,55,765,36,169,612,367,589,574,410,366,35,676,932,379,979,303,812,591,177,228,516,225,374,908,762,696,441,228,97,227,568,297,247,738,23,793,372,943,712,160,950,597,494,801
non sodales sed tincidunt eu felis fusce posuere felis sed lacus morbi sem,2009,Emerald-spotted wood dove,Turtur chalcospilos,4583,19,15.15,8208,9671,63.36,0.9,2904.59,686.47,5460,495,3229,798,53,25.02,84.73,B,80.09,99.91,A,AA,484,252,782,680,909,612,910,227,70,121,803,779,108,54,574,575,703,532,433,396,196,18,843,667,417,498,703,919,515,863,580,288,898,963,944,677,963,729,829,483,363,864,923,133,805
adipiscing molestie hendrerit at vulputate vitae nisl aenean lectus pellentesque eget nunc donec,1994,"Cockatoo, red-breasted",Eolophus roseicapillus,5017,93,33.22,7895,701,11.54,0.52,4565.58,7792.93,7087,78,8314,377,1,21.09,26.45,C,43.88,5.22,B,AA,482,770,433,909,373,408,988,238,123,972,548,13,97,636,304,278,908,825,111,287,995,33,841,557,134,516,832,314,168,131,305,632,876,326,475,914,289,242,626,20,912,725,213,183,924
vel accumsan tellus nisi eu orci mauris lacinia sapien quis libero nullam sit,2006,Four-striped grass mouse,Rhabdomys pumilio,1266,26,93.85,447,3271,41.73,0.5,5690.59,9504.67,1675,226,9973,508,104,45.24,35.09,C,45.59,94.78,C,AA,776,137,737,470,756,745,55,411,869,706,411,392,149,883,67,600,841,629,371,365,295,562,235,99,741,573,84,866,274,926,15,285,505,338,670,57,478,676,396,517,727,154,2,470,284
pede malesuada in imperdiet et commodo vulputate justo in blandit ultrices enim lorem ipsum dolor sit amet consectetuer adipiscing elit,1995,Crimson-breasted shrike,Laniaurius atrococcineus,4961,379,84.75,1050,1152,5.6,0.05,2548.36,6139.13,8923,372,2343,264,217,33.34,92.76,C,60.42,94.03,A,,429,145,646,564,156,197,202,295,818,204,830,101,176,285,527,174,910,220,788,287,579,975,351,344,388,803,453,779,489,673,639,531,925,272,120,102,795,522,356,699,197,284,987,283,84
non mattis pulvinar nulla pede ullamcorper augue a suscipit nulla elit ac nulla sed vel enim sit amet nunc viverra,2006,"Crake, african black",Limnocorax flavirostra,3380,673,79.28,2751,6260,91.76,0.47,6688.57,3487.13,4854,323,2955,646,101,22.86,62.38,B,86.65,33.9,A,AA,518,601,13,365,737,234,718,36,108,934,155,823,511,60,741,660,623,606,957,887,442,876,111,951,560,311,535,672,786,729,609,343,404,752,580,939,520,222,562,899,30,985,733,485,539
ut odio cras mi pede malesuada in imperdiet et commodo vulputate justo in blandit,1999,American bison,Bison bison,1205,33,65.16,7512,3969,33.72,0.51,9173.5,1486.09,2516,187,1745,213,192,33.39,12.27,A,12.98,29.32,A,,505,746,676,230,533,175,415,563,223,585,991,207,54,272,168,306,626,454,712,512,698,415,657,490,583,60,772,413,462,477,524,7,932,886,449,328,126,939,341,373,92,462,393,385,474
semper interdum mauris ullamcorper purus sit amet nulla quisque arcu libero rutrum ac,1993,Purple moorhen,Porphyrio porphyrio,8101,866,31.53,5058,4665,16.79,0.35,9729.58,2539.52,8361,200,4324,969,1,75.82,33.03,C,52.65,29.14,C,AA,917,993,570,810,537,795,480,775,757,671,116,2,710,816,167,953,492,310,580,481,511,210,621,932,237,854,642,573,310,11,668,872,756,217,251,538,158,177,769,340,439,845,884,504,330
maecenas tincidunt lacus at velit vivamus vel nulla eget eros elementum pellentesque quisque porta volutpat erat quisque erat,1993,Gray heron,Ardea cinerea,1878,207,83.65,2938,9679,71.8,0.21,3510.34,3726.31,3978,859,7925,551,154,32.75,34.19,A,25.07,8.43,C,,515,671,720,74,77,252,37,974,721,483,175,545,568,571,770,447,308,977,143,469,155,492,390,654,534,406,415,266,214,966,693,806,523,978,468,168,69,194,717,597,512,642,902,246,670
aliquam sit amet diam in magna bibendum imperdiet nullam orci pede venenatis non sodales sed tincidunt eu felis fusce,1998,Black-tailed deer,Odocoileus hemionus,4955,764,5.26,3661,6607,34.47,0.16,6438.61,8483.21,9519,77,9321,80,117,80.63,89.02,A,58.94,32.11,B,,324,438,921,762,944,483,853,708,115,391,285,572,286,227,579,523,553,136,365,911,681,224,913,836,353,670,89,158,971,33,623,849,292,794,545,173,0,920,86,569,567,740,511,898,632
odio justo sollicitudin ut suscipit a feugiat et eros vestibulum ac est,2005,"Gull, swallow-tail",Creagrus furcatus,5092,265,84.81,2492,3361,23.39,0.77,2895.2,3486.24,3196,527,4681,325,230,68.01,78.38,A,78.16,28.96,C,,925,992,159,393,918,553,867,498,527,137,572,895,446,696,705,728,60,876,23,334,764,396,386,192,14,945,63,33,571,304,358,853,337,599,971,289,324,372,687,739,872,204,132,278,160
luctus et ultrices posuere cubilia curae donec pharetra magna vestibulum,2011,Thomson's gazelle,Gazella thompsonii,7515,804,29.37,2812,5319,59.31,0.53,577.41,6675.77,2106,77,9994,713,189,89.87,38.06,A,74.11,72.12,B,AA,637,637,684,13,404,188,793,31,167,778,551,941,92,184,425,715,719,898,921,577,448,102,449,783,39,804,764,115,579,428,71,666,817,164,391,137,908,938,386,23,680,793,89,758,950
et magnis dis parturient montes nascetur ridiculus mus etiam vel augue vestibulum rutrum rutrum neque aenean auctor gravida sem,1990,"Lemur, grey mouse",Microcebus murinus,5813,936,21.7,437,1521,10.72,0.04,6174.39,9717.18,1053,115,7832,640,30,56.1,17.8,C,58.36,80.76,B,,903,67,753,958,423,705,902,93,307,118,726,593,316,723,629,804,855,584,683,886,859,861,56,471,80,576,491,400,71,732,431,62,374,144,431,46,95,440,34,654,946,275,260,850,829
ligula pellentesque ultrices phasellus id sapien in sapien iaculis congue vivamus metus arcu adipiscing molestie hendrerit at vulputate vitae,2012,"Dragon, frilled",Chlamydosaurus kingii,623,154,65.14,5284,126,49.64,0.63,9598.66,3591.54,2086,799,6177,402,122,51.47,76.23,C,48.73,72.94,A,AA,37,583,484,538,327,134,19,924,179,549,682,294,96,626,655,261,168,936,803,848,367,836,821,568,403,360,736,299,79,707,94,680,586,703,553,405,664,625,607,865,720,928,632,594,425
arcu sed augue aliquam erat volutpat in congue etiam justo etiam pretium iaculis justo,1985,"Wolf, common",Canis lupus,8228,234,96.44,6094,5966,15.37,0.97,9634.9,1938.14,9031,715,4916,580,115,93.0,38.77,C,26.49,88.44,A,AA,129,480,149,847,207,622,659,306,109,558,249,233,424,363,761,698,393,39,838,493,897,505,818,167,445,490,501,39,223,973,136,994,715,240,252,647,237,699,498,260,18,495,241,12,830
nec nisi vulputate nonummy maecenas tincidunt lacus at velit vivamus vel,1997,"Boa, malagasy ground",Acrantophis madagascariensis,6849,717,42.09,4188,5069,56.13,0.27,6190.61,1970.04,6862,54,2345,91,219,30.32,33.09,C,68.92,33.67,B,AA,274,532,130,107,918,525,111,390,373,943,745,706,279,125,412,609,555,145,770,525,35,595,71,315,59,309,514,376,537,440,322,966,627,274,984,171,33,961,926,321,963,170,476,580,622
eu magna vulputate luctus cum sociis natoque penatibus et magnis dis parturient montes nascetur ridiculus mus vivamus,2008,Least chipmunk,Eutamias minimus,8536,571,27.69,1550,430,68.14,0.26,9118.12,2184.66,4947,32,2685,501,148,43.61,13.61,B,2.26,50.61,B,,387,908,12,498,890,458,448,864,655,61,380,262,641,807,285,285,534,118,206,992,57,839,935,297,443,192,720,943,120,997,98,34,764,104,796,61,395,89,655,188,724,688,138,213,333
ut at dolor quis odio consequat varius integer ac leo,1996,Greater adjutant stork,Leptoptilus dubius,9230,364,65.55,4428,1858,84.3,0.51,1637.35,6113.6,6261,878,9389,383,341,94.77,73.19,B,41.97,37.7,A,AA,142,447,38,230,930,515,28,675,712,391,470,934,251,40,224,792,108,440,739,60,158,559,81,624,538,181,521,782,819,225,535,323,347,547,200,861,988,243,704,21,373,959,178,605,220
condimentum curabitur in libero ut massa volutpat convallis morbi odio odio elementum eu interdum eu tincidunt in leo maecenas,2010,"Vulture, black",Aegypius tracheliotus,2365,12,17.9,1487,4344,97.99,0.39,8277.51,3766.03,6008,591,7225,433,307,2.28,49.28,A,70.26,20.35,A,AA,538,279,804,749,939,568,560,813,785,917,801,332,404,779,406,878,821,710,595,844,679,395,407,143,78,580,566,895,324,64,233,23,653,146,983,23,887,201,143,569,725,999,322,713,366
duis consequat dui nec nisi volutpat eleifend donec ut dolor morbi vel lectus in quam fringilla,1993,"Gull, herring",unavailable,9606,648,30.37,3652,4166,15.64,0.72,4703.77,2832.55,7102,656,5435,582,349,58.06,38.48,A,59.9,46.41,B,AA,434,423,536,115,338,125,420,443,807,6,49,916,877,66,315,158,12,590,313,673,1000,452,883,891,702,482,107,838,44,243,757,365,909,284,245,676,497,75,269,224,581,566,324,459,661
suspendisse potenti nullam porttitor lacus at turpis donec posuere metus vitae ipsum,1987,"Kangaroo, brush-tailed rat",Bettongia penicillata,3714,611,40.33,9592,7868,15.45,0.09,362.59,9112.84,5971,935,4993,234,192,4.84,77.93,B,13.57,51.05,B,,952,866,61,96,118,623,915,737,415,905,378,210,0,482,128,941,432,895,148,708,315,311,352,275,584,522,232,715,869,807,776,601,660,398,933,591,540,588,654,331,499,759,782,501,253
turpis integer aliquet massa id lobortis convallis tortor risus dapibus augue vel accumsan,1994,Dusky rattlesnake,Crotalus triseriatus,3856,705,52.24,2771,2017,27.49,0.31,3412.16,1780.87,2085,978,3348,289,15,72.35,79.37,B,82.22,23.45,B,,574,161,561,465,418,33,568,164,880,128,39,961,361,133,418,158,396,734,654,373,705,927,135,537,62,529,640,565,820,976,139,179,23,529,872,211,582,305,528,32,37,559,341,686,752
tincidunt eu felis fusce posuere felis sed lacus morbi sem mauris,2011,Yellow-throated sandgrouse,Pterocles gutturalis,2297,854,73.23,1094,4347,25.12,0.96,7407.46,8316.65,268,558,4829,670,192,75.27,90.31,C,30.56,39.63,B,AA,567,37,74,648,623,607,865,165,56,487,54,704,822,17,52,823,599,345,497,87,608,108,477,928,756,253,450,991,293,995,35,650,686,859,971,244,551,381,673,108,742,91,166,220,135
eu massa donec dapibus duis at velit eu est congue elementum in hac habitasse platea dictumst,2005,"Screamer, crested",Chauna torquata,7542,95,14.94,70,7410,72.42,0.02,2569.33,517.04,6565,611,4214,283,99,55.56,9.54,C,54.95,50.76,C,,722,100,879,540,967,295,488,384,650,80,968,974,772,253,550,915,698,54,780,949,647,879,84,532,602,838,515,272,826,401,158,350,686,831,432,737,763,4,761,924,839,474,453,430,591
sapien arcu sed augue aliquam erat volutpat in congue etiam justo etiam pretium iaculis justo in hac,1986,"Squirrel, malabar",Ratufa indica,3013,743,47.74,1946,6404,89.96,0.08,3913.63,3557.71,7964,893,705,806,352,36.59,24.27,C,79.24,67.55,B,AA,162,880,840,263,221,490,725,119,850,225,687,646,355,668,880,999,356,357,446,938,810,440,465,310,827,418,53,136,13,720,331,377,691,460,868,494,357,82,829,532,971,116,288,874,86
mus vivamus vestibulum sagittis sapien cum sociis natoque penatibus et magnis dis parturient montes nascetur ridiculus mus etiam,2003,"Robin, kalahari scrub",Certotrichas paena,4426,655,84.02,5690,8596,2.33,0.75,7774.29,7877.33,6222,576,3098,535,99,78.51,41.0,C,80.74,70.2,A,AA,833,878,836,78,675,594,534,612,106,718,559,503,301,347,943,668,860,268,283,943,559,314,624,407,559,35,969,597,769,950,813,897,421,20,669,292,290,476,394,505,543,803,832,559,215
volutpat sapien arcu sed augue aliquam erat volutpat in congue etiam justo etiam pretium iaculis justo,2007,Hippopotamus,Hippopotamus amphibius,9742,979,99.34,773,2292,39.18,0.45,4509.96,7147.41,8642,71,240,512,33,57.4,58.64,B,56.76,33.71,B,AA,330,169,149,620,841,646,516,262,414,961,146,823,898,450,772,661,59,988,548,17,415,311,510,641,601,563,107,228,931,315,941,600,124,770,948,970,517,379,707,843,428,554,871,859,58
quam sollicitudin vitae consectetuer eget rutrum at lorem integer tincidunt ante,2008,Elegant crested tinamou,Eudromia elegans,4581,928,14.18,7852,6954,80.25,0.96,8971.52,4460.58,5292,655,2328,791,283,85.75,56.38,B,87.13,99.45,C,,815,233,317,752,666,800,279,391,509,369,707,303,647,993,558,200,826,902,899,262,255,593,679,199,973,956,477,537,776,439,866,763,419,483,695,311,318,324,893,449,48,795,96,435,820
nulla nisl nunc nisl duis bibendum felis sed interdum venenatis turpis enim blandit mi in porttitor,2007,Striped skunk,Mephitis mephitis,2559,180,45.3,2744,8072,96.31,0.26,259.05,5663.1,9876,866,9220,561,77,83.32,46.98,C,63.69,45.82,C,,513,200,110,586,454,932,601,187,874,429,409,349,593,636,467,67,966,684,796,705,763,551,753,476,698,86,415,731,12,929,79,33,345,822,230,551,479,777,753,372,597,809,691,973,458
tincidunt eget tempus vel pede morbi porttitor lorem id ligula suspendisse ornare,2010,"Glider, feathertail",Acrobates pygmaeus,1892,115,89.04,6970,2660,70.14,0.15,9050.69,3341.8,8010,469,8837,880,27,27.04,63.52,B,81.78,79.94,A,AA,587,215,665,541,424,150,658,119,707,36,118,541,834,665,324,773,641,323,587,784,845,345,477,492,23,939,803,605,496,668,12,314,588,354,458,444,506,38,528,683,738,466,726,251,785
ac nibh fusce lacus purus aliquet at feugiat non pretium quis lectus suspendisse potenti in eleifend quam a odio in,2003,"Phalarope, northern",Phalaropus lobatus,3200,192,24.89,6624,7936,20.0,0.69,5688.97,5677.61,3922,913,9479,252,251,57.32,54.96,B,37.33,70.76,B,,380,678,424,302,709,283,522,774,732,516,445,731,489,556,779,120,98,86,545,7,226,101,135,760,555,972,480,827,260,503,474,203,29,191,250,951,968,536,319,697,297,468,988,948,10
nullam sit amet turpis elementum ligula vehicula consequat morbi a ipsum integer a nibh in quis,1998,Striped hyena,Hyaena hyaena,2952,154,33.44,5282,3809,15.12,0.25,8664.71,1943.88,8762,512,1682,313,352,73.17,42.97,B,73.33,80.53,C,AA,993,386,277,559,869,248,511,949,343,1,693,963,640,894,428,963,617,926,435,166,642,228,941,499,835,69,746,109,252,430,351,304,819,728,202,790,833,683,557,237,259,967,381,694,408
est et tempus semper est quam pharetra magna ac consequat metus,2010,"Barbet, levaillant's",Trachyphonus vaillantii,8041,287,88.32,871,8424,87.5,0.43,2134.13,6592.93,4209,576,7617,826,291,72.01,42.2,C,8.27,16.06,B,AA,892,324,680,857,732,731,253,369,900,786,754,957,750,798,519,402,337,588,148,600,931,363,551,850,895,488,937,352,524,938,133,352,492,113,293,664,102,588,676,968,61,854,898,123,343
nec sem duis aliquam convallis nunc proin at turpis a pede posuere nonummy integer non velit donec diam,2004,Magellanic penguin,Spheniscus magellanicus,4924,483,27.2,9359,4482,58.21,0.57,9857.07,5792.16,7011,796,1474,504,360,93.78,25.76,C,0.16,29.42,C,AA,480,224,136,624,314,694,708,917,51,172,244,65,437,543,558,39,995,985,446,887,670,175,438,103,733,977,468,740,569,442,393,490,992,380,107,725,101,693,392,621,706,326,541,14,461
quisque porta volutpat erat quisque erat eros viverra eget congue eget semper rutrum nulla nunc,1999,Cape starling,Lamprotornis nitens,4638,633,99.74,1328,1806,30.67,0.73,6130.87,5138.05,1173,721,3012,96,175,69.0,7.23,A,24.3,88.97,A,AA,385,421,103,154,247,993,828,674,13,145,51,719,350,419,373,533,838,888,572,392,879,386,841,245,5,98,352,811,638,560,38,13,470,818,885,787,400,744,240,320,417,82,549,93,783
pharetra magna vestibulum aliquet ultrices erat tortor sollicitudin mi sit amet lobortis sapien sapien non,2006,"Egret, great",Casmerodius albus,5673,999,61.52,9018,8385,56.19,0.24,8958.99,2395.87,6496,454,7222,213,245,98.66,49.32,A,92.66,8.52,B,AA,267,1,852,847,464,870,835,16,140,94,303,472,148,782,789,809,480,272,415,713,292,935,662,584,214,229,200,120,26,503,146,891,59,258,270,237,801,469,388,412,334,405,814,589,463
porttitor pede justo eu massa donec dapibus duis at velit eu est congue elementum in hac habitasse platea,2013,Common nighthawk,Chordeiles minor,1109,255,85.19,904,2359,37.24,0.39,8383.91,666.75,7605,490,876,612,248,35.57,64.79,B,18.99,47.08,A,AA,298,426,869,606,683,949,374,117,167,555,1,371,498,510,566,82,56,973,878,565,481,292,39,586,474,721,860,715,995,948,931,983,577,189,751,455,807,924,932,21,828,461,182,968,301
amet sapien dignissim vestibulum vestibulum ante ipsum primis in faucibus orci luctus,2009,"Fox, crab-eating",Dusicyon thous,5150,874,26.67,7292,8852,19.21,0.02,88.95,8904.22,1570,741,9175,835,280,23.66,53.66,C,74.61,96.69,B,AA,267,927,360,357,717,659,9,969,197,764,635,433,546,862,433,202,135,985,667,223,803,469,130,252,268,374,163,216,38,385,117,446,321,44,519,671,100,406,345,114,450,234,546,887,997
odio odio elementum eu interdum eu tincidunt in leo maecenas pulvinar lobortis est phasellus sit amet erat nulla tempus vivamus,1998,"Lizard, frilled",Chlamydosaurus kingii,7706,538,91.14,2230,2106,38.47,0.44,9761.61,1116.56,8577,898,2584,181,156,20.81,15.5,C,98.22,92.6,C,AA,229,427,822,173,707,48,666,901,688,850,154,643,663,329,857,243,78,182,889,969,822,965,565,372,872,244,898,301,875,189,868,102,360,723,892,969,239,196,467,240,925,119,576,588,511
erat tortor sollicitudin mi sit amet lobortis sapien sapien non mi integer,2006,"Vulture, white-rumped",Gyps bengalensis,3861,933,35.47,3394,9300,41.43,0.64,1438.04,3743.54,9595,5,8413,895,309,32.62,55.16,A,13.18,46.98,B,AA,535,683,942,590,100,268,518,485,65,885,2,994,645,100,627,537,293,751,270,543,264,779,302,366,924,893,552,967,660,972,23,772,213,196,853,770,896,664,145,796,48,52,594,842,871
dolor morbi vel lectus in quam fringilla rhoncus mauris enim leo,1969,Sportive lemur,Lepilemur rufescens,1064,208,29.42,9238,25,69.97,0.67,3813.72,6096.83,8319,674,1477,577,269,83.46,62.41,A,92.71,85.5,B,AA,564,834,552,352,431,559,773,855,642,568,845,676,287,333,770,186,791,647,621,879,580,901,959,676,946,708,203,284,582,992,37,828,314,666,548,825,632,7,189,939,921,301,234,523,354
aliquet maecenas leo odio condimentum id luctus nec molestie sed justo pellentesque viverra,2005,"Shelduck, common",Tadorna tadorna,9549,408,18.87,3428,5979,89.69,0.61,2081.34,5773.96,7285,674,4612,513,33,51.84,13.71,C,90.79,34.34,A,AA,693,346,250,98,417,60,619,688,65,100,214,981,372,653,820,972,445,143,384,503,516,346,246,986,235,825,618,417,40,304,862,276,828,178,6,507,27,395,654,268,668,586,280,613,509
curae mauris viverra diam vitae quam suspendisse potenti nullam porttitor lacus at turpis,2008,"Bandicoot, southern brown",Isoodon obesulus,503,241,85.87,1719,6815,84.55,0.31,1115.42,2180.09,6821,772,2178,790,332,21.54,21.51,C,86.24,91.66,C,,845,809,913,873,882,15,392,135,867,90,978,675,623,968,36,358,157,304,698,312,194,312,502,809,361,121,301,481,767,159,316,593,426,174,468,53,674,965,229,13,168,568,901,764,122
vivamus vel nulla eget eros elementum pellentesque quisque porta volutpat erat quisque erat eros viverra eget congue eget semper,2000,White-browed sparrow weaver,Plocepasser mahali,8423,861,81.93,1628,7030,11.74,0.8,5221.93,9104.96,5381,721,613,825,256,61.37,95.01,C,65.33,77.68,A,AA,169,593,300,609,205,322,646,904,625,56,576,457,25,797,21,922,134,830,236,671,113,545,292,728,94,788,941,601,64,463,556,796,825,776,952,498,816,141,931,89,798,947,979,655,618
vel accumsan tellus nisi eu orci mauris lacinia sapien quis,2011,Crested porcupine,Hystrix cristata,4836,994,78.05,4393,1390,10.62,0.91,957.48,1444.41,5529,829,2874,874,169,14.59,94.04,B,82.91,55.03,C,,883,345,374,457,356,393,709,54,933,697,521,416,77,919,334,855,599,323,460,248,209,908,755,18,772,183,97,972,235,23,356,774,216,191,553,34,808,809,165,292,461,377,143,135,357
nulla pede ullamcorper augue a suscipit nulla elit ac nulla,2011,"Lynx, african",Felis caracal,6474,516,81.62,5250,1737,12.69,0.97,6580.52,3525.12,9368,229,552,678,99,10.48,12.91,C,59.84,12.93,C,,926,36,809,449,292,177,881,184,617,324,266,782,268,613,598,878,7,373,556,228,312,345,441,460,662,346,631,150,246,761,310,577,992,723,488,190,237,601,174,475,166,772,692,661,932
risus praesent lectus vestibulum quam sapien varius ut blandit non interdum in ante vestibulum ante,2012,Eastern quoll,Dasyurus viverrinus,6275,824,72.72,6452,4902,51.83,0.08,5250.51,1378.95,7595,940,1991,269,348,93.33,40.55,C,50.16,80.83,C,AA,95,324,588,875,733,921,401,868,192,117,750,761,919,507,67,136,557,290,200,834,769,486,30,777,722,14,775,563,857,944,857,552,603,38,673,436,530,308,14,742,510,852,993,367,35
quam sapien varius ut blandit non interdum in ante vestibulum ante ipsum primis in faucibus orci luctus et ultrices,2005,Chilean flamingo,Phoenicopterus chilensis,766,699,97.73,2315,3584,90.93,0.54,7633.27,2295.13,9176,777,6785,77,261,88.24,69.06,A,28.42,53.92,C,AA,910,114,588,926,710,609,82,897,561,669,49,159,775,592,208,410,860,547,678,407,69,133,675,329,159,737,905,574,380,600,840,907,988,478,277,463,663,852,591,918,245,550,426,440,729
risus dapibus augue vel accumsan tellus nisi eu orci mauris,2006,Goanna lizard,Varanus sp.,1,122,77.71,7952,1334,52.55,0.71,2096.26,5127.94,2560,883,2684,635,188,3.73,6.85,C,70.34,35.71,C,AA,396,726,249,207,659,241,596,805,40,89,963,137,595,252,357,183,658,577,912,739,869,607,601,801,452,139,183,886,544,776,543,924,309,969,501,607,890,971,723,693,360,190,229,681,881
phasellus id sapien in sapien iaculis congue vivamus metus arcu adipiscing molestie hendrerit at vulputate vitae nisl aenean lectus pellentesque,1992,Yellow mongoose,Cynictis penicillata,4839,975,35.02,3436,2303,36.12,0.99,8978.37,7085.13,162,664,701,634,238,80.96,28.17,A,4.25,35.55,A,,321,647,933,874,380,134,326,547,72,168,774,896,1000,564,573,105,403,282,240,862,765,230,10,235,853,416,740,356,399,592,397,134,122,706,970,977,7,518,437,432,530,405,437,536,201
in leo maecenas pulvinar lobortis est phasellus sit amet erat nulla tempus,2004,"Deer, red",Cervus elaphus,3946,297,38.45,1860,1523,27.47,0.09,2861.38,59.75,8142,323,3034,497,112,5.44,47.27,A,13.76,61.8,C,AA,603,6,737,718,69,891,302,275,875,534,299,939,7,303,519,356,757,724,613,499,768,312,40,792,248,549,6,181,139,859,1,455,574,888,466,595,2,373,501,843,302,507,890,446,730
velit id pretium iaculis diam erat fermentum justo nec condimentum neque sapien placerat ante nulla justo aliquam quis turpis eget,2009,"Iguana, land",Conolophus subcristatus,3000,595,97.78,545,1142,46.88,0.72,5364.53,2928.45,9357,548,6862,293,116,6.66,15.89,A,72.79,84.07,B,AA,637,212,781,498,377,102,0,721,194,205,111,108,95,390,854,35,986,786,17,449,922,15,956,73,289,405,106,188,281,742,203,485,709,602,419,144,789,617,388,823,425,100,5,660,625
at turpis donec posuere metus vitae ipsum aliquam non mauris morbi non lectus aliquam sit amet diam in magna,1996,American Virginia opossum,Didelphis virginiana,711,241,3.86,3580,7051,82.58,0.34,4775.91,1138.71,4765,134,8148,73,50,44.56,63.63,C,55.76,1.28,A,,290,989,383,209,30,549,784,14,74,377,174,939,536,738,786,987,254,542,15,632,393,808,987,537,962,369,982,707,842,697,923,691,184,706,730,460,69,669,409,975,725,732,796,60,386
morbi quis tortor id nulla ultrices aliquet maecenas leo odio,2012,Common long-nosed armadillo,Dasypus novemcinctus,7754,768,2.86,6527,3626,19.1,0.98,2705.92,9090.21,7909,930,3009,278,222,45.85,65.29,B,45.66,99.97,C,,806,295,941,662,268,131,166,996,731,86,242,43,454,797,435,86,796,816,727,140,938,849,107,205,858,850,7,8,60,386,405,459,108,939,739,571,357,315,628,777,684,400,48,629,421
amet eros suspendisse accumsan tortor quis turpis sed ante vivamus tortor duis mattis egestas,1999,"Monkey, vervet",Cercopithecus aethiops,1373,576,39.81,5969,7436,94.85,0.43,5130.27,2511.74,5844,55,9407,168,78,50.05,72.32,C,42.11,30.08,B,AA,469,629,735,509,615,488,732,72,97,731,293,847,569,292,473,757,582,984,712,28,808,812,220,760,966,450,289,106,232,29,904,529,439,891,667,495,34,713,679,710,451,587,400,456,10
consequat in consequat ut nulla sed accumsan felis ut at dolor quis odio consequat varius integer ac leo pellentesque,2008,Frog (unidentified),Rana sp.,2079,532,31.07,48,5678,38.86,0.66,5410.52,2263.72,5265,578,4433,448,233,18.95,61.05,B,18.82,21.07,A,,646,25,942,63,702,834,12,896,976,325,629,600,79,482,489,175,360,644,464,589,35,935,397,833,298,444,204,848,493,54,521,156,345,177,616,377,448,83,951,565,389,138,139,340,211
cubilia curae donec pharetra magna vestibulum aliquet ultrices erat tortor sollicitudin mi sit amet lobortis sapien sapien,2010,Harbor seal,Phoca vitulina,8220,673,41.77,5359,2169,96.16,0.92,7070.29,7733.66,8240,470,7464,266,337,40.1,43.44,C,66.76,67.14,C,,650,253,814,409,73,966,682,69,414,531,547,390,405,507,561,94,661,872,188,984,347,832,47,454,57,835,190,118,193,917,534,515,200,848,841,562,250,653,630,282,285,219,222,406,563
purus sit amet nulla quisque arcu libero rutrum ac lobortis vel dapibus at diam nam tristique tortor,1998,Brown capuchin,Cebus apella,7339,611,20.83,8719,2409,61.32,0.09,297.73,4960.83,9747,607,2386,455,335,12.38,95.6,C,46.71,47.11,B,AA,278,861,170,762,137,357,982,862,834,406,672,965,949,664,598,113,114,789,477,24,784,342,917,188,539,707,360,276,441,124,228,605,249,929,964,467,450,330,55,612,940,864,948,809,262
sodales scelerisque mauris sit amet eros suspendisse accumsan tortor quis turpis sed ante vivamus,2004,"Vulture, bengal",Gyps bengalensis,4111,361,46.61,2514,2629,58.18,0.99,22.95,8660.7,5554,441,9898,48,182,7.6,77.27,B,75.9,10.47,A,,892,570,377,936,477,222,344,360,679,566,505,347,592,936,26,229,910,916,126,3,177,412,740,416,204,818,530,562,143,746,752,418,342,550,866,129,626,694,364,793,319,101,25,593,965
sapien non mi integer ac neque duis bibendum morbi non quam nec dui luctus rutrum nulla tellus in,1996,Vervet monkey,Cercopithecus aethiops,7933,253,8.16,1122,263,89.53,0.45,1084.57,4822.41,8117,376,28,806,6,39.36,49.01,A,96.75,76.56,B,,17,646,11,141,504,863,982,745,295,842,832,761,559,891,472,112,674,197,16,255,815,370,844,716,656,303,678,285,336,131,71,928,698,250,709,312,137,573,181,419,91,337,501,783,993
eget vulputate ut ultrices vel augue vestibulum ante ipsum primis in faucibus orci luctus et ultrices posuere cubilia curae,2011,Common palm civet,Paradoxurus hermaphroditus,5294,326,42.82,8244,3091,91.65,0.16,2460.52,9371.72,7544,64,8041,955,243,95.92,28.85,B,36.87,54.7,B,,625,980,540,549,562,235,950,204,116,395,89,563,882,811,49,900,415,175,60,55,461,229,665,87,527,891,649,512,598,439,970,514,83,21,198,891,594,40,18,581,440,691,910,808,740
pede lobortis ligula sit amet eleifend pede libero quis orci nullam molestie nibh in lectus,1993,"Vulture, black",Aegypius tracheliotus,4476,798,66.17,8853,7385,54.0,0.45,5692.95,8946.95,4068,53,5721,64,128,77.19,95.28,C,50.93,27.93,C,,712,83,576,734,333,787,790,582,147,264,840,191,527,744,909,230,614,563,222,844,598,182,111,574,932,58,787,843,902,468,988,638,250,816,780,241,346,864,902,552,774,400,866,864,271
consequat morbi a ipsum integer a nibh in quis justo,2011,Long-tailed skua,Stercorarius longicausus,903,561,27.72,7619,1328,67.52,0.59,7166.27,890.35,8537,763,689,244,227,75.27,24.9,B,9.31,95.43,B,,198,357,567,343,952,838,298,999,667,206,424,454,354,804,835,297,826,885,798,903,763,698,404,941,487,771,781,618,55,822,155,321,457,391,110,858,73,991,923,804,815,428,395,141,499
at ipsum ac tellus semper interdum mauris ullamcorper purus sit amet nulla quisque,1990,Coqui francolin,Francolinus coqui,8417,94,92.69,6593,3591,38.13,0.05,1888.45,3398.82,771,201,1505,560,298,23.82,91.8,A,21.23,28.47,B,,600,121,518,745,643,316,237,502,540,964,909,719,939,74,6,245,466,904,517,863,960,137,906,336,680,824,508,186,416,98,783,521,353,175,767,924,760,673,234,634,938,352,984,691,215
porttitor lorem id ligula suspendisse ornare consequat lectus in est risus auctor sed tristique in tempus sit amet sem fusce,2007,Mountain lion,Felis concolor,3806,29,75.43,9783,8703,97.27,0.43,7226.53,2724.33,9548,459,459,959,338,27.16,62.72,B,68.42,74.57,C,AA,196,196,793,743,221,120,421,169,247,181,426,722,102,251,655,711,95,908,518,55,13,128,621,88,845,484,316,289,988,449,599,955,90,69,581,821,748,11,59,368,590,902,113,444,512
consectetuer adipiscing elit proin interdum mauris non ligula pellentesque ultrices phasellus id sapien in sapien iaculis congue vivamus metus arcu,1995,"Duck, blue",Hymenolaimus malacorhynchus,3789,465,54.56,1678,3739,79.66,0.21,2688.28,2714.15,5668,715,3947,654,0,86.7,66.58,B,4.24,25.17,C,AA,652,223,203,77,719,342,11,505,107,252,0,924,425,363,147,766,104,765,753,2,464,829,490,290,693,926,412,52,507,804,160,285,305,748,193,57,634,657,389,954,905,689,908,173,133
sed vestibulum sit amet cursus id turpis integer aliquet massa id,1996,"Whale, killer",Orcinus orca,8800,408,47.11,5267,644,36.29,0.98,1246.41,3515.99,8650,821,8757,974,308,84.28,69.01,A,3.5,63.16,B,AA,934,668,620,409,999,869,396,79,60,645,749,311,475,827,953,323,35,740,972,675,627,321,731,161,913,497,920,500,56,128,253,812,221,447,582,929,644,391,365,306,783,324,779,277,716
congue risus semper porta volutpat quam pede lobortis ligula sit amet eleifend pede libero quis orci nullam molestie nibh,1995,African bush squirrel,Paraxerus cepapi,6717,402,98.94,7092,9622,90.03,0.31,57.75,5104.08,7304,67,5035,429,335,17.42,3.51,A,75.07,2.63,B,AA,468,93,382,170,294,123,841,527,645,795,742,33,784,206,336,989,282,372,480,176,815,716,989,57,233,428,521,384,939,852,533,450,187,787,77,306,974,83,709,916,592,928,227,929,357
ut mauris eget massa tempor convallis nulla neque libero convallis eget eleifend luctus ultricies eu nibh quisque,1998,Desert kangaroo rat,Dipodomys deserti,7877,312,93.4,4995,6147,55.9,0.43,2401.55,4943.13,5878,876,5483,438,87,47.67,82.98,C,62.13,30.23,C,AA,47,675,461,319,625,376,174,76,493,230,871,301,444,811,932,857,286,778,396,586,369,593,370,946,925,734,946,956,520,383,982,628,663,92,486,5,370,325,520,805,559,559,743,861,802
lectus in est risus auctor sed tristique in tempus sit amet sem fusce consequat nulla nisl nunc nisl,1995,"Turtle, long-necked",Chelodina longicollis,5991,59,1.29,2247,2306,72.11,0.22,8717.15,565.3,2022,148,6563,488,206,60.29,21.52,C,29.36,12.08,B,AA,292,350,435,21,142,148,568,868,229,48,153,286,171,875,944,705,672,743,994,605,180,171,849,970,676,335,224,638,802,459,897,770,968,114,767,862,961,818,514,813,218,754,501,368,849
augue luctus tincidunt nulla mollis molestie lorem quisque ut erat curabitur,1995,"Rhea, greater",Rhea americana,5655,789,15.32,7492,5070,12.62,0.61,1063.7,1549.21,4626,879,5019,752,123,95.18,8.32,B,96.88,7.97,C,AA,249,325,786,616,193,439,435,347,454,916,263,1,632,698,840,576,46,387,41,582,899,579,73,744,400,868,625,561,680,248,121,853,478,607,501,690,252,225,54,57,399,652,661,849,59
consequat ut nulla sed accumsan felis ut at dolor quis odio consequat varius integer ac leo pellentesque ultrices mattis odio,1992,"Eagle, long-crested hawk",Lophoaetus occipitalis,5351,400,21.01,9241,8215,64.43,0.29,4974.56,9805.81,9434,438,3993,465,315,67.5,80.46,C,12.05,93.91,C,AA,80,255,800,948,76,55,335,261,891,13,230,558,538,879,242,381,697,11,407,400,402,650,330,335,887,282,441,972,634,338,752,23,4,872,175,431,445,783,899,641,152,592,299,907,191
massa id nisl venenatis lacinia aenean sit amet justo morbi ut odio cras mi pede malesuada in imperdiet,2011,Coqui partridge,Francolinus coqui,9936,368,24.46,4132,2253,61.97,0.62,1576.68,895.22,6452,892,5994,507,67,70.15,60.2,B,44.63,15.92,A,AA,622,18,884,244,323,577,185,538,321,324,818,702,200,231,254,277,19,746,72,513,501,761,742,435,548,225,850,32,770,539,789,599,380,448,79,182,967,819,372,480,870,692,916,374,439
pulvinar nulla pede ullamcorper augue a suscipit nulla elit ac nulla sed vel enim,1997,Southern brown bandicoot,Isoodon obesulus,9982,19,95.86,6072,8273,39.6,0.97,748.44,5979.31,3839,554,3714,313,74,47.47,51.44,A,81.63,6.41,C,AA,947,737,49,968,993,209,174,293,219,250,887,576,705,165,479,125,381,944,900,354,671,438,817,445,421,382,584,593,539,880,373,154,396,892,867,246,23,357,113,840,806,163,858,661,427
turpis a pede posuere nonummy integer non velit donec diam neque vestibulum eget,2003,Pale white-eye,Zosterops pallidus,8623,847,83.8,350,996,33.2,0.07,7157.17,8230.7,2490,329,7825,396,106,78.95,13.91,C,42.05,17.68,C,AA,481,2,239,373,740,312,854,147,151,221,577,846,697,270,601,712,480,758,48,200,444,871,596,870,514,30,972,165,894,569,34,985,186,21,707,875,738,568,242,89,415,618,468,423,226
porttitor id consequat in consequat ut nulla sed accumsan felis ut at dolor quis odio,2012,"Gull, swallow-tail",Creagrus furcatus,5869,41,18.73,425,7269,93.19,0.4,7071.9,6643.1,9280,420,1306,344,242,47.67,74.08,C,56.72,86.33,B,,10,523,55,977,945,45,489,529,545,990,379,909,144,743,600,732,616,332,364,571,836,756,372,760,833,833,406,217,692,681,159,154,873,385,227,847,444,253,783,135,479,634,508,110,555
ante nulla justo aliquam quis turpis eget elit sodales scelerisque mauris sit amet eros suspendisse,2011,"Heron, grey",Ardea cinerea,2447,991,32.47,438,5993,15.47,0.51,9805.17,5896.09,6405,665,3625,852,295,89.79,14.53,B,27.61,84.86,C,AA,402,998,807,904,167,348,745,585,727,87,288,72,205,455,49,153,430,12,125,651,505,563,359,76,951,633,475,416,273,290,268,999,801,985,686,438,716,63,749,168,226,954,521,98,681
nibh in quis justo maecenas rhoncus aliquam lacus morbi quis tortor id nulla ultrices,2011,Wolf spider,Lycosa godeffroyi,8244,218,91.35,7269,6251,98.74,0.62,446.07,9797.37,4869,399,371,447,225,62.76,14.86,B,62.65,90.99,A,,767,548,506,548,653,829,680,420,973,632,4,983,182,850,446,646,398,115,491,756,392,269,595,676,816,50,468,938,785,360,496,122,496,74,152,657,444,512,823,705,278,493,350,746,907
pede venenatis non sodales sed tincidunt eu felis fusce posuere felis sed lacus morbi,1998,Eastern cottontail rabbit,Sylvilagus floridanus,3132,389,86.72,8579,7633,91.25,0.07,2342.37,7985.89,4938,84,4573,1000,320,20.5,25.46,C,3.38,67.45,A,AA,228,52,531,962,289,258,242,521,941,128,476,411,914,743,184,664,532,714,521,785,443,957,344,663,165,614,385,944,904,481,984,51,185,155,920,725,103,613,217,272,126,719,977,935,993
posuere felis sed lacus morbi sem mauris laoreet ut rhoncus aliquet pulvinar,2006,European spoonbill,Platalea leucordia,1532,774,46.74,2267,5514,46.97,0.0,2736.66,3016.94,1778,582,9545,980,234,76.98,98.5,B,92.8,9.57,A,AA,543,583,208,919,168,505,398,457,57,723,774,95,925,313,61,138,636,736,624,434,30,298,942,675,224,153,710,501,93,719,569,5,864,851,80,157,791,41,571,758,708,114,454,814,146
leo rhoncus sed vestibulum sit amet cursus id turpis integer aliquet massa,2008,Baleen whale,Eubalaena australis,4915,787,67.04,3221,828,55.99,0.75,4057.52,2196.9,3763,838,7649,148,215,51.49,53.27,A,61.07,95.94,C,AA,713,899,426,98,178,634,868,955,691,949,39,251,968,414,211,199,683,494,867,586,307,451,931,571,170,145,844,280,63,232,300,452,519,127,463,115,107,308,874,340,747,36,211,664,8
nulla sed vel enim sit amet nunc viverra dapibus nulla suscipit ligula in lacus curabitur,2013,Mudskipper (unidentified),unavailable,7502,378,52.42,7926,6667,73.48,0.63,4224.99,9734.07,7459,377,8962,36,113,19.03,46.77,A,38.36,91.67,B,,606,672,874,621,913,668,700,290,525,464,649,175,215,437,890,359,868,846,917,91,140,564,438,279,932,847,837,905,543,38,389,826,16,180,469,892,69,406,768,978,391,427,709,12,44
id turpis integer aliquet massa id lobortis convallis tortor risus dapibus augue vel accumsan tellus,2011,"Tamandua, southern",Tamandua tetradactyla,6922,434,4.06,8976,219,63.55,0.14,1325.54,8646.16,4285,789,4503,374,136,82.36,21.3,B,58.81,49.11,B,,650,739,226,633,53,603,892,254,887,31,89,564,740,955,483,473,321,765,747,73,269,471,967,167,364,97,120,977,764,641,766,733,343,499,805,642,153,22,748,521,643,780,375,378,786
quisque arcu libero rutrum ac lobortis vel dapibus at diam nam tristique tortor eu pede,1993,Rainbow lory,Trichoglossus haematodus moluccanus,3995,896,2.66,6953,9536,30.02,0.22,5789.0,9905.97,6297,873,3230,904,79,24.08,44.91,B,80.29,85.8,A,,445,753,575,881,973,823,950,488,407,837,298,760,551,451,930,331,161,783,297,860,611,783,123,354,421,710,380,713,827,535,350,534,564,108,432,138,109,25,20,38,389,439,566,900,614
eu interdum eu tincidunt in leo maecenas pulvinar lobortis est phasellus sit,2013,"Mongoose, yellow",Cynictis penicillata,178,218,99.99,5984,5949,71.98,0.42,890.64,5862.26,9448,312,96,326,81,37.08,33.54,A,12.06,77.21,C,AA,51,640,869,969,549,210,202,361,299,954,625,355,265,449,791,533,125,211,29,336,534,781,115,242,52,356,877,521,427,393,822,975,810,95,989,610,435,735,73,360,609,324,467,962,818
